geo,2023-01-01 00:00:00,2023-01-08 00:00:00,2023-01-15 00:00:00,2023-01-22 00:00:00,2023-01-29 00:00:00,2023-02-05 00:00:00,2023-02-12 00:00:00,2023-02-19 00:00:00,2023-02-26 00:00:00,2023-03-05 00:00:00,2023-03-12 00:00:00,2023-03-19 00:00:00,2023-03-26 00:00:00,2023-04-02 00:00:00,2023-04-09 00:00:00,2023-04-16 00:00:00,2023-04-23 00:00:00,2023-04-30 00:00:00,2023-05-07 00:00:00,2023-05-14 00:00:00,2023-05-21 00:00:00,2023-05-28 00:00:00,2023-06-04 00:00:00,2023-06-11 00:00:00,2023-06-18 00:00:00,2023-06-25 00:00:00,2023-07-02 00:00:00,2023-07-09 00:00:00,2023-07-16 00:00:00,2023-07-23 00:00:00,2023-07-30 00:00:00,2023-08-06 00:00:00,2023-08-13 00:00:00,2023-08-20 00:00:00,2023-08-27 00:00:00,2023-09-03 00:00:00,2023-09-10 00:00:00,2023-09-17 00:00:00,2023-09-24 00:00:00,2023-10-01 00:00:00,2023-10-08 00:00:00,2023-10-15 00:00:00,2023-10-22 00:00:00,2023-10-29 00:00:00,2023-11-05 00:00:00,2023-11-12 00:00:00,2023-11-19 00:00:00,2023-11-26 00:00:00,2023-12-03 00:00:00,2023-12-10 00:00:00,2023-12-17 00:00:00,2023-12-24 00:00:00,2023-12-31 00:00:00,2024-01-07 00:00:00,2024-01-14 00:00:00,2024-01-21 00:00:00,2024-01-28 00:00:00,2024-02-04 00:00:00,2024-02-11 00:00:00,2024-02-18 00:00:00,2024-02-25 00:00:00,2024-03-03 00:00:00,2024-03-10 00:00:00,2024-03-17 00:00:00,2024-03-24 00:00:00,2024-03-31 00:00:00,2024-04-07 00:00:00,2024-04-14 00:00:00,2024-04-21 00:00:00,2024-04-28 00:00:00,2024-05-05 00:00:00,2024-05-12 00:00:00,2024-05-19 00:00:00,2024-05-26 00:00:00,2024-06-02 00:00:00,2024-06-09 00:00:00,2024-06-16 00:00:00,2024-06-23 00:00:00,2024-06-30 00:00:00,2024-07-07 00:00:00,2024-07-14 00:00:00,2024-07-21 00:00:00,2024-07-28 00:00:00,2024-08-04 00:00:00,2024-08-11 00:00:00,2024-08-18 00:00:00,2024-08-25 00:00:00,2024-09-01 00:00:00,2024-09-08 00:00:00,2024-09-15 00:00:00,2024-09-22 00:00:00,2024-09-29 00:00:00,2024-10-06 00:00:00,2024-10-13 00:00:00,2024-10-20 00:00:00,2024-10-27 00:00:00,2024-11-03 00:00:00,2024-11-10 00:00:00,2024-11-17 00:00:00,2024-11-24 00:00:00,2024-12-01 00:00:00,2024-12-08 00:00:00,2024-12-15 00:00:00,2024-12-22 00:00:00,2024-12-29 00:00:00,2025-01-05 00:00:00,2025-01-12 00:00:00,2025-01-19 00:00:00,2025-01-26 00:00:00,2025-02-02 00:00:00,2025-02-09 00:00:00,2025-02-16 00:00:00,2025-02-23 00:00:00,2025-03-02 00:00:00,2025-03-09 00:00:00,2025-03-16 00:00:00,2025-03-23 00:00:00,2025-03-30 00:00:00,2025-04-06 00:00:00,2025-04-13 00:00:00,2025-04-20 00:00:00,2025-04-27 00:00:00,2025-05-04 00:00:00,2025-05-11 00:00:00,2025-05-18 00:00:00,2025-05-25 00:00:00,2025-06-01 00:00:00,2025-06-08 00:00:00,2025-06-15 00:00:00,2025-06-22 00:00:00,2025-06-29 00:00:00,2025-07-06 00:00:00,2025-07-13 00:00:00,2025-07-20 00:00:00,2025-07-27 00:00:00,2025-08-03 00:00:00,2025-08-10 00:00:00,2025-08-17 00:00:00,2025-08-24 00:00:00,2025-08-31 00:00:00,2025-09-07 00:00:00,2025-09-14 00:00:00,2025-09-21 00:00:00,2025-09-28 00:00:00,2025-10-05 00:00:00,2025-10-12 00:00:00,2025-10-19 00:00:00,2025-10-26 00:00:00,2025-11-02 00:00:00,2025-11-09 00:00:00,2025-11-16 00:00:00,2025-11-23 00:00:00,2025-11-30 00:00:00,2025-12-07 00:00:00,2025-12-14 00:00:00,2025-12-21 00:00:00,2025-12-28 00:00:00,2026-01-04 00:00:00,2026-01-11 00:00:00,2026-01-18 00:00:00,2026-01-25 00:00:00,2026-02-01 00:00:00,2026-02-08 00:00:00,2026-02-15 00:00:00,2026-02-22 00:00:00,2026-03-01 00:00:00,2026-03-08 00:00:00,2026-03-15 00:00:00,2026-03-22 00:00:00,2026-03-29 00:00:00,2026-04-05 00:00:00,2026-04-12 00:00:00,2026-04-19 00:00:00,2026-04-26 00:00:00,2026-05-03 00:00:00,2026-05-10 00:00:00,2026-05-17 00:00:00,2026-05-24 00:00:00,2026-05-31 00:00:00,2026-06-07 00:00:00,2026-06-14 00:00:00,2026-06-21 00:00:00,2026-06-28 00:00:00,2026-07-05 00:00:00,2026-07-12 00:00:00,2026-07-19 00:00:00,2026-07-26 00:00:00,2026-08-02 00:00:00,2026-08-09 00:00:00,2026-08-16 00:00:00,2026-08-23 00:00:00,2026-08-30 00:00:00,2026-09-06 00:00:00
AR,0.0,0.0,0.0,0.0,0.00364963503649635,0.0,0.0,0.02554744525547445,0.0,0.0072992700729927005,0.0,0.0,0.00364963503649635,0.00364963503649635,0.00364963503649635,0.0,0.0,0.00364963503649635,0.04014598540145985,0.01094890510948905,0.014598540145985401,0.00364963503649635,0.00364963503649635,0.0,0.00364963503649635,0.0,0.01094890510948905,0.00364963503649635,0.00364963503649635,0.00364963503649635,0.0,0.0,0.0,0.021897810218978103,0.0072992700729927005,0.01824817518248175,0.00364963503649635,0.014598540145985401,0.00364963503649635,0.00364963503649635,0.00364963503649635,0.021897810218978103,0.04744525547445255,0.01824817518248175,0.054744525547445244,0.02554744525547445,0.01824817518248175,0.04014598540145985,0.3576642335766423,0.0510948905109489,0.03284671532846715,0.03284671532846715,0.021897810218978103,0.01094890510948905,0.0072992700729927005,0.01824817518248175,0.0072992700729927005,0.0072992700729927005,0.0072992700729927005,0.014598540145985401,0.014598540145985401,0.01094890510948905,0.00364963503649635,0.01094890510948905,0.01094890510948905,0.00364963503649635,0.01094890510948905,0.0072992700729927005,0.00364963503649635,0.00364963503649635,0.01094890510948905,0.01824817518248175,0.01094890510948905,0.01094890510948905,0.01094890510948905,0.01094890510948905,0.01094890510948905,0.01094890510948905,0.00364963503649635,0.014598540145985401,0.00364963503649635,0.0072992700729927005,0.01094890510948905,0.01094890510948905,0.01094890510948905,0.0072992700729927005,0.00364963503649635,0.00364963503649635,0.01824817518248175,0.014598540145985401,0.00364963503649635,0.00364963503649635,0.00364963503649635,0.00364963503649635,0.0072992700729927005,0.00364963503649635,0.00364963503649635,0.01824817518248175,0.01824817518248175,0.014598540145985401,0.02554744525547445,0.0291970802919708,0.01824817518248175,0.03284671532846715,0.04744525547445255,0.036496350364963494,0.02554744525547445,0.0291970802919708,0.03284671532846715,0.04014598540145985,0.03284671532846715,0.0291970802919708,0.03284671532846715,0.0291970802919708,0.02554744525547445,0.02554744525547445,0.02554744525547445,0.03284671532846715,0.021897810218978103,0.01094890510948905,0.021897810218978103,0.06204379562043794,0.2627737226277372,0.11313868613138685,0.054744525547445244,0.036496350364963494,0.021897810218978103,0.02554744525547445,0.021897810218978103,0.021897810218978103,0.021897810218978103,0.014598540145985401,0.01094890510948905,0.01094890510948905,0.01094890510948905,0.021897810218978103,0.014598540145985401,0.014598540145985401,0.014598540145985401,0.01094890510948905,0.0072992700729927005,0.01824817518248175,0.021897810218978103,0.0072992700729927005,0.01824817518248175,0.01824817518248175,0.014598540145985401,0.02554744525547445,0.08394160583941605,0.04379562043795619,0.01824817518248175,0.01824817518248175,0.021897810218978103,0.0291970802919708,0.021897810218978103,0.04744525547445255,0.07664233576642335,0.15693430656934304,0.04014598540145985,0.0583941605839416,0.04379562043795619,0.08029197080291971,0.03284671532846715,0.07664233576642335,0.04014598540145985,0.0510948905109489,0.04014598540145985,0.036496350364963494,0.04014598540145985,0.03284671532846715,0.08394160583941605,0.06204379562043794,0.08759124087591241,0.4197080291970802,0.16423357664233576,0.21897810218978098,0.6934306569343064,0.3138686131386861,0.04379562043795619,0.072992700729927,0.23722627737226276,0.6423357664233575,0.2992700729927007,0.22262773722627738,0.11313868613138685,0.0948905109489051,0.14233576642335766,0.19343065693430656,0.1678832116788321,0.3722627737226277,0.9999999999999999,0.4014598540145985,0.3686131386861313
AU,0.0,0.0,0.0,0.0,0.0,0.0,0.0,0.0,0.0,0.00505050505050505,0.0,0.00505050505050505,0.00505050505050505,0.010101010101010102,0.00505050505050505,0.0,0.00505050505050505,0.00505050505050505,0.00505050505050505,0.00505050505050505,0.00505050505050505,0.00505050505050505,0.00505050505050505,0.00505050505050505,0.00505050505050505,0.015151515151515154,0.00505050505050505,0.0,0.00505050505050505,0.0,0.00505050505050505,0.0202020202020202,0.010101010101010102,0.010101010101010102,0.00505050505050505,0.015151515151515154,0.010101010101010102,0.010101010101010102,0.010101010101010102,0.0202020202020202,0.010101010101010102,0.030303030303030304,0.09090909090909093,0.015151515151515154,0.06565656565656566,0.030303030303030304,0.025252525252525256,0.045454545454545456,0.4090909090909091,0.07575757575757577,0.030303030303030304,0.0202020202020202,0.010101010101010102,0.010101010101010102,0.00505050505050505,0.00505050505050505,0.0,0.00505050505050505,0.0,0.0,0.0,0.0,0.00505050505050505,0.0,0.0,0.00505050505050505,0.00505050505050505,0.00505050505050505,0.00505050505050505,0.00505050505050505,0.0,0.010101010101010102,0.00505050505050505,0.00505050505050505,0.00505050505050505,0.00505050505050505,0.00505050505050505,0.00505050505050505,0.00505050505050505,0.00505050505050505,0.00505050505050505,0.00505050505050505,0.00505050505050505,0.00505050505050505,0.00505050505050505,0.010101010101010102,0.00505050505050505,0.00505050505050505,0.010101010101010102,0.00505050505050505,0.00505050505050505,0.010101010101010102,0.00505050505050505,0.00505050505050505,0.010101010101010102,0.00505050505050505,0.010101010101010102,0.010101010101010102,0.015151515151515154,0.015151515151515154,0.0202020202020202,0.0202020202020202,0.015151515151515154,0.05555555555555556,0.045454545454545456,0.03535353535353535,0.045454545454545456,0.050505050505050504,0.030303030303030304,0.030303030303030304,0.045454545454545456,0.0202020202020202,0.04040404040404041,0.025252525252525256,0.0202020202020202,0.030303030303030304,0.0202020202020202,0.0202020202020202,0.015151515151515154,0.015151515151515154,0.0202020202020202,0.08080808080808081,0.23737373737373738,0.11616161616161617,0.03535353535353535,0.03535353535353535,0.015151515151515154,0.015151515151515154,0.00505050505050505,0.010101010101010102,0.010101010101010102,0.00505050505050505,0.00505050505050505,0.00505050505050505,0.010101010101010102,0.015151515151515154,0.00505050505050505,0.010101010101010102,0.00505050505050505,0.010101010101010102,0.010101010101010102,0.010101010101010102,0.0202020202020202,0.010101010101010102,0.010101010101010102,0.015151515151515154,0.010101010101010102,0.015151515151515154,0.07575757575757577,0.025252525252525256,0.015151515151515154,0.010101010101010102,0.015151515151515154,0.010101010101010102,0.010101010101010102,0.03535353535353535,0.050505050505050504,0.025252525252525256,0.0202020202020202,0.0202020202020202,0.0202020202020202,0.045454545454545456,0.0202020202020202,0.015151515151515154,0.030303030303030304,0.015151515151515154,0.015151515151515154,0.0202020202020202,0.05555555555555556,0.04040404040404041,0.06565656565656566,0.045454545454545456,0.060606060606060615,0.07575757575757577,0.10101010101010102,0.13636363636363635,0.27272727272727276,0.11111111111111112,0.05555555555555556,0.09595959595959597,0.32323232323232326,1.0,0.36363636363636365,0.18686868686868688,0.13131313131313133,0.09595959595959597,0.08585858585858587,0.21717171717171718,0.12121212121212123,0.6111111111111112,0.7222222222222223,0.4444444444444445,0.36363636363636365
BR,0.003533568904593639,0.003533568904593639,0.0,0.0,0.003533568904593639,0.003533568904593639,0.0,0.003533568904593639,0.003533568904593639,0.0,0.007067137809187279,0.003533568904593639,0.007067137809187279,0.007067137809187279,0.003533568904593639,0.0,0.003533568904593639,0.0,0.01413427561837456,0.010600706713780918,0.007067137809187279,0.007067137809187279,0.007067137809187279,0.003533568904593639,0.003533568904593639,0.003533568904593639,0.003533568904593639,0.007067137809187279,0.007067137809187279,0.007067137809187279,0.003533568904593639,0.007067137809187279,0.007067137809187279,0.007067137809187279,0.007067137809187279,0.007067137809187279,0.01413427561837456,0.007067137809187279,0.007067137809187279,0.01413427561837456,0.010600706713780918,0.007067137809187279,0.08480565371024736,0.021201413427561835,0.06007067137809187,0.028268551236749113,0.024734982332155472,0.05300353356890459,0.35335689045936386,0.0706713780918728,0.045936395759717315,0.03533568904593639,0.028268551236749113,0.017667844522968195,0.01413427561837456,0.01413427561837456,0.010600706713780918,0.010600706713780918,0.01413427561837456,0.007067137809187279,0.007067137809187279,0.01413427561837456,0.01413427561837456,0.010600706713780918,0.010600706713780918,0.007067137809187279,0.010600706713780918,0.007067137809187279,0.007067137809187279,0.007067137809187279,0.010600706713780918,0.017667844522968195,0.01413427561837456,0.007067137809187279,0.010600706713780918,0.010600706713780918,0.010600706713780918,0.007067137809187279,0.007067137809187279,0.010600706713780918,0.01413427561837456,0.017667844522968195,0.010600706713780918,0.007067137809187279,0.007067137809187279,0.010600706713780918,0.010600706713780918,0.01413427561837456,0.017667844522968195,0.01413427561837456,0.01413427561837456,0.01413427561837456,0.010600706713780918,0.01413427561837456,0.010600706713780918,0.01413427561837456,0.024734982332155472,0.021201413427561835,0.024734982332155472,0.021201413427561835,0.028268551236749113,0.038869257950530034,0.024734982332155472,0.04946996466431095,0.0706713780918728,0.04240282685512367,0.038869257950530034,0.045936395759717315,0.03533568904593639,0.04240282685512367,0.03533568904593639,0.024734982332155472,0.024734982332155472,0.028268551236749113,0.021201413427561835,0.021201413427561835,0.021201413427561835,0.024734982332155472,0.017667844522968195,0.021201413427561835,0.028268551236749113,0.06713780918727916,0.23321554770318018,0.11307420494699646,0.05300353356890459,0.03533568904593639,0.03180212014134276,0.024734982332155472,0.017667844522968195,0.021201413427561835,0.017667844522968195,0.024734982332155472,0.01413427561837456,0.017667844522968195,0.024734982332155472,0.024734982332155472,0.017667844522968195,0.017667844522968195,0.01413427561837456,0.045936395759717315,0.028268551236749113,0.021201413427561835,0.017667844522968195,0.017667844522968195,0.021201413427561835,0.01413427561837456,0.021201413427561835,0.024734982332155472,0.0706713780918728,0.03533568904593639,0.03180212014134276,0.017667844522968195,0.028268551236749113,0.024734982332155472,0.021201413427561835,0.028268551236749113,0.045936395759717315,0.06007067137809187,0.045936395759717315,0.05300353356890459,0.04240282685512367,0.06713780918727916,0.03533568904593639,0.038869257950530034,0.0812720848056537,0.045936395759717315,0.03180212014134276,0.04946996466431095,0.03533568904593639,0.03533568904593639,0.06007067137809187,0.0812720848056537,0.06713780918727916,0.04946996466431095,0.15547703180212014,0.12014134275618372,0.23674911660777384,0.1166077738515901,0.045936395759717315,0.0812720848056537,0.23674911660777384,1.0,0.5901060070671378,0.2438162544169611,0.14487632508833923,0.1166077738515901,0.12014134275618372,0.27561837455830385,0.1978798586572438,0.46643109540636035,0.8869257950530034,0.49823321554770317,0.25088339222614836
CA,0.0,0.003676470588235295,0.003676470588235295,0.0,0.007352941176470588,0.003676470588235295,0.0,0.011029411764705883,0.011029411764705883,0.011029411764705883,0.007352941176470588,0.011029411764705883,0.003676470588235295,0.011029411764705883,0.003676470588235295,0.003676470588235295,0.003676470588235295,0.007352941176470588,0.018382352941176475,0.018382352941176475,0.014705882352941178,0.011029411764705883,0.003676470588235295,0.007352941176470588,0.003676470588235295,0.007352941176470588,0.003676470588235295,0.003676470588235295,0.011029411764705883,0.011029411764705883,0.003676470588235295,0.022058823529411763,0.014705882352941178,0.022058823529411763,0.007352941176470588,0.022058823529411763,0.018382352941176475,0.029411764705882353,0.014705882352941178,0.03308823529411765,0.011029411764705883,0.03308823529411765,0.09926470588235294,0.018382352941176475,0.08088235294117647,0.055147058823529424,0.03308823529411765,0.055147058823529424,0.4080882352941177,0.09558823529411765,0.051470588235294115,0.04779411764705883,0.011029411764705883,0.014705882352941178,0.011029411764705883,0.011029411764705883,0.007352941176470588,0.011029411764705883,0.003676470588235295,0.007352941176470588,0.003676470588235295,0.011029411764705883,0.007352941176470588,0.011029411764705883,0.003676470588235295,0.011029411764705883,0.007352941176470588,0.011029411764705883,0.003676470588235295,0.007352941176470588,0.003676470588235295,0.018382352941176475,0.011029411764705883,0.007352941176470588,0.007352941176470588,0.011029411764705883,0.003676470588235295,0.011029411764705883,0.011029411764705883,0.014705882352941178,0.011029411764705883,0.011029411764705883,0.003676470588235295,0.014705882352941178,0.007352941176470588,0.018382352941176475,0.014705882352941178,0.007352941176470588,0.014705882352941178,0.014705882352941178,0.011029411764705883,0.007352941176470588,0.011029411764705883,0.014705882352941178,0.014705882352941178,0.014705882352941178,0.018382352941176475,0.025735294117647058,0.018382352941176475,0.022058823529411763,0.03676470588235294,0.03308823529411765,0.029411764705882353,0.04044117647058823,0.07352941176470588,0.04044117647058823,0.03676470588235294,0.03308823529411765,0.03676470588235294,0.04044117647058823,0.029411764705882353,0.029411764705882353,0.058823529411764705,0.051470588235294115,0.04044117647058823,0.04779411764705883,0.03676470588235294,0.04779411764705883,0.025735294117647058,0.022058823529411763,0.022058823529411763,0.09558823529411765,0.2683823529411765,0.10294117647058824,0.058823529411764705,0.04779411764705883,0.03308823529411765,0.029411764705882353,0.014705882352941178,0.025735294117647058,0.014705882352941178,0.014705882352941178,0.014705882352941178,0.018382352941176475,0.025735294117647058,0.025735294117647058,0.014705882352941178,0.007352941176470588,0.014705882352941178,0.011029411764705883,0.014705882352941178,0.022058823529411763,0.025735294117647058,0.011029411764705883,0.018382352941176475,0.029411764705882353,0.022058823529411763,0.022058823529411763,0.1286764705882353,0.051470588235294115,0.03676470588235294,0.03308823529411765,0.029411764705882353,0.025735294117647058,0.022058823529411763,0.029411764705882353,0.051470588235294115,0.0661764705882353,0.03676470588235294,0.04411764705882353,0.051470588235294115,0.04411764705882353,0.055147058823529424,0.03676470588235294,0.04044117647058823,0.03676470588235294,0.04411764705882353,0.051470588235294115,0.0625,0.03676470588235294,0.07720588235294118,0.0625,0.08455882352941177,0.08088235294117647,0.08455882352941177,0.16911764705882354,0.25367647058823534,0.1286764705882353,0.07720588235294118,0.08823529411764705,0.39338235294117657,1.0,0.43750000000000006,0.16544117647058823,0.15441176470588236,0.09191176470588236,0.11764705882352944,0.20220588235294118,0.15441176470588236,0.411764705882353,0.8676470588235294,0.5919117647058825,0.5955882352941176
DE,0.0035335689045936404,0.0035335689045936404,0.0035335689045936404,0.0035335689045936404,0.007067137809187279,0.0035335689045936404,0.007067137809187279,0.0,0.007067137809187279,0.007067137809187279,0.007067137809187279,0.01060070671378092,0.01060070671378092,0.01060070671378092,0.007067137809187279,0.0,0.007067137809187279,0.007067137809187279,0.01060070671378092,0.0176678445229682,0.01060070671378092,0.007067137809187279,0.007067137809187279,0.007067137809187279,0.0,0.0035335689045936404,0.007067137809187279,0.0035335689045936404,0.01060070671378092,0.01060070671378092,0.007067137809187279,0.007067137809187279,0.01413427561837456,0.01060070671378092,0.01060070671378092,0.01060070671378092,0.01060070671378092,0.028268551236749116,0.01060070671378092,0.021201413427561835,0.01413427561837456,0.0176678445229682,0.088339222614841,0.02473498233215548,0.06713780918727916,0.038869257950530034,0.02473498233215548,0.04240282685512368,0.3109540636042403,0.04946996466431095,0.03180212014134275,0.028268551236749116,0.01060070671378092,0.007067137809187279,0.007067137809187279,0.0035335689045936404,0.007067137809187279,0.01060070671378092,0.01060070671378092,0.007067137809187279,0.007067137809187279,0.007067137809187279,0.007067137809187279,0.007067137809187279,0.007067137809187279,0.007067137809187279,0.007067137809187279,0.007067137809187279,0.007067137809187279,0.007067137809187279,0.007067137809187279,0.01413427561837456,0.007067137809187279,0.007067137809187279,0.007067137809187279,0.007067137809187279,0.007067137809187279,0.007067137809187279,0.0035335689045936404,0.007067137809187279,0.01060070671378092,0.007067137809187279,0.01413427561837456,0.01060070671378092,0.01060070671378092,0.01060070671378092,0.01060070671378092,0.01060070671378092,0.0176678445229682,0.01060070671378092,0.01060070671378092,0.01060070671378092,0.01060070671378092,0.01060070671378092,0.01413427561837456,0.01413427561837456,0.01413427561837456,0.01413427561837456,0.02473498233215548,0.028268551236749116,0.02473498233215548,0.02473498233215548,0.0176678445229682,0.04946996466431095,0.0530035335689046,0.038869257950530034,0.028268551236749116,0.028268551236749116,0.04946996466431095,0.045936395759717315,0.038869257950530034,0.02473498233215548,0.028268551236749116,0.028268551236749116,0.028268551236749116,0.028268551236749116,0.02473498233215548,0.028268551236749116,0.021201413427561835,0.021201413427561835,0.021201413427561835,0.07420494699646644,0.16254416961130744,0.07420494699646644,0.028268551236749116,0.021201413427561835,0.01413427561837456,0.01060070671378092,0.01060070671378092,0.01060070671378092,0.007067137809187279,0.007067137809187279,0.01060070671378092,0.01060070671378092,0.02473498233215548,0.021201413427561835,0.021201413427561835,0.01060070671378092,0.01413427561837456,0.01413427561837456,0.0176678445229682,0.0176678445229682,0.021201413427561835,0.01413427561837456,0.01413427561837456,0.0353356890459364,0.021201413427561835,0.03180212014134275,0.11307420494699649,0.045936395759717315,0.02473498233215548,0.0176678445229682,0.021201413427561835,0.021201413427561835,0.021201413427561835,0.03180212014134275,0.04240282685512368,0.09187279151943464,0.03180212014134275,0.03180212014134275,0.03180212014134275,0.038869257950530034,0.03180212014134275,0.028268551236749116,0.02473498233215548,0.03180212014134275,0.03180212014134275,0.0353356890459364,0.04240282685512368,0.08480565371024736,0.09187279151943464,0.088339222614841,0.2296819787985866,0.09187279151943464,0.1413427561837456,0.12014134275618377,0.24381625441696114,0.1590106007067138,0.16607773851590107,0.08127208480565373,0.2473498233215548,1.0,0.5406360424028268,0.21908127208480566,0.1413427561837456,0.07420494699646644,0.15194346289752653,0.16961130742049474,0.1943462897526502,0.2756183745583039,0.7915194346289752,0.6148409893992932,0.4522968197879859
ES,0.00390625,0.00390625,0.0,0.0,0.00390625,0.00390625,0.0,0.01953125,0.00390625,0.0078125,0.00390625,0.00390625,0.0078125,0.00390625,0.00390625,0.00390625,0.00390625,0.00390625,0.01953125,0.01171875,0.01171875,0.00390625,0.00390625,0.00390625,0.00390625,0.00390625,0.00390625,0.00390625,0.0078125,0.00390625,0.0078125,0.0234375,0.01171875,0.01171875,0.00390625,0.01171875,0.0078125,0.015625,0.01171875,0.015625,0.01171875,0.03125,0.09765625,0.02734375,0.08203125,0.0390625,0.03125,0.0625,0.453125,0.06640625,0.03515625,0.02734375,0.01953125,0.01171875,0.0078125,0.0078125,0.00390625,0.00390625,0.00390625,0.00390625,0.00390625,0.0078125,0.00390625,0.0078125,0.01171875,0.0078125,0.00390625,0.0078125,0.0078125,0.00390625,0.01171875,0.03125,0.01171875,0.00390625,0.01171875,0.01171875,0.00390625,0.01171875,0.0078125,0.0078125,0.01171875,0.01171875,0.015625,0.0078125,0.01171875,0.015625,0.0078125,0.015625,0.01953125,0.01171875,0.01171875,0.0078125,0.01171875,0.01171875,0.01171875,0.0078125,0.01171875,0.02734375,0.0234375,0.0234375,0.0390625,0.02734375,0.01953125,0.04296875,0.046875,0.0390625,0.0234375,0.03515625,0.0234375,0.0390625,0.0234375,0.02734375,0.0390625,0.0234375,0.015625,0.0234375,0.02734375,0.03125,0.01953125,0.01953125,0.03515625,0.0859375,0.2578125,0.1171875,0.046875,0.03515625,0.0234375,0.01953125,0.015625,0.01953125,0.01171875,0.01171875,0.01171875,0.01171875,0.01953125,0.0234375,0.01953125,0.01953125,0.02734375,0.03125,0.015625,0.02734375,0.0234375,0.01953125,0.0234375,0.01953125,0.01953125,0.0234375,0.10546875,0.0390625,0.0234375,0.03125,0.03125,0.01953125,0.015625,0.046875,0.04296875,0.109375,0.03515625,0.0546875,0.04296875,0.07421875,0.03125,0.03125,0.0546875,0.0703125,0.03515625,0.03515625,0.0390625,0.046875,0.078125,0.0625,0.06640625,0.09765625,0.1171875,0.19140625,0.4140625,0.12890625,0.0546875,0.078125,0.25390625,0.9453125,0.36328125,0.2109375,0.140625,0.078125,0.09375,0.171875,0.15234375,0.44140625,1.0,0.453125,0.3046875
FR,0.010050251256281405,0.005025125628140704,0.010050251256281405,0.0,0.005025125628140704,0.010050251256281405,0.010050251256281405,0.005025125628140704,0.010050251256281405,0.010050251256281405,0.010050251256281405,0.010050251256281405,0.020100502512562814,0.01507537688442211,0.010050251256281405,0.010050251256281405,0.010050251256281405,0.01507537688442211,0.025125628140703515,0.03015075376884422,0.01507537688442211,0.01507537688442211,0.010050251256281405,0.010050251256281405,0.005025125628140704,0.010050251256281405,0.010050251256281405,0.010050251256281405,0.01507537688442211,0.01507537688442211,0.020100502512562814,0.025125628140703515,0.020100502512562814,0.01507537688442211,0.01507537688442211,0.010050251256281405,0.005025125628140704,0.01507537688442211,0.01507537688442211,0.025125628140703515,0.01507537688442211,0.020100502512562814,0.09547738693467338,0.03015075376884422,0.11055276381909548,0.07537688442211056,0.04522613065326633,0.07537688442211056,0.4673366834170854,0.07537688442211056,0.05025125628140704,0.04020100502512563,0.025125628140703515,0.010050251256281405,0.010050251256281405,0.010050251256281405,0.010050251256281405,0.010050251256281405,0.010050251256281405,0.010050251256281405,0.010050251256281405,0.010050251256281405,0.010050251256281405,0.020100502512562814,0.010050251256281405,0.020100502512562814,0.010050251256281405,0.010050251256281405,0.010050251256281405,0.01507537688442211,0.01507537688442211,0.035175879396984924,0.01507537688442211,0.010050251256281405,0.01507537688442211,0.010050251256281405,0.010050251256281405,0.010050251256281405,0.010050251256281405,0.010050251256281405,0.01507537688442211,0.01507537688442211,0.01507537688442211,0.025125628140703515,0.025125628140703515,0.025125628140703515,0.025125628140703515,0.020100502512562814,0.03015075376884422,0.020100502512562814,0.025125628140703515,0.020100502512562814,0.020100502512562814,0.025125628140703515,0.025125628140703515,0.025125628140703515,0.025125628140703515,0.025125628140703515,0.03015075376884422,0.035175879396984924,0.05025125628140704,0.04020100502512563,0.04020100502512563,0.07537688442211056,0.07537688442211056,0.055276381909547735,0.04522613065326633,0.04020100502512563,0.055276381909547735,0.07537688442211056,0.055276381909547735,0.04522613065326633,0.035175879396984924,0.035175879396984924,0.035175879396984924,0.035175879396984924,0.04522613065326633,0.04522613065326633,0.025125628140703515,0.035175879396984924,0.035175879396984924,0.10050251256281408,0.21608040201005027,0.11055276381909548,0.055276381909547735,0.06030150753768845,0.020100502512562814,0.025125628140703515,0.020100502512562814,0.01507537688442211,0.01507537688442211,0.01507537688442211,0.020100502512562814,0.01507537688442211,0.03015075376884422,0.025125628140703515,0.025125628140703515,0.025125628140703515,0.03015075376884422,0.025125628140703515,0.025125628140703515,0.04020100502512563,0.03015075376884422,0.020100502512562814,0.020100502512562814,0.04020100502512563,0.035175879396984924,0.04020100502512563,0.12060301507537688,0.04522613065326633,0.025125628140703515,0.025125628140703515,0.03015075376884422,0.03015075376884422,0.025125628140703515,0.035175879396984924,0.055276381909547735,0.04522613065326633,0.025125628140703515,0.035175879396984924,0.04020100502512563,0.055276381909547735,0.04020100502512563,0.03015075376884422,0.03015075376884422,0.04020100502512563,0.035175879396984924,0.04020100502512563,0.04522613065326633,0.055276381909547735,0.05025125628140704,0.05025125628140704,0.06532663316582915,0.06532663316582915,0.08040201005025126,0.17587939698492464,0.17587939698492464,0.07537688442211056,0.055276381909547735,0.04020100502512563,0.22613065326633167,0.9999999999999999,0.3015075376884422,0.12060301507537688,0.12060301507537688,0.07537688442211056,0.07537688442211056,0.10552763819095479,0.09045226130653267,0.3065326633165829,0.6783919597989949,0.36683417085427134,0.22613065326633167
GB,0.0033557046979865775,0.0,0.0,0.0033557046979865775,0.006711409395973155,0.006711409395973155,0.0,0.0033557046979865775,0.0033557046979865775,0.006711409395973155,0.006711409395973155,0.006711409395973155,0.006711409395973155,0.006711409395973155,0.0033557046979865775,0.0033557046979865775,0.006711409395973155,0.006711409395973155,0.01342281879194631,0.010067114093959734,0.006711409395973155,0.006711409395973155,0.0033557046979865775,0.0033557046979865775,0.0033557046979865775,0.010067114093959734,0.0,0.0033557046979865775,0.006711409395973155,0.006711409395973155,0.006711409395973155,0.01342281879194631,0.010067114093959734,0.010067114093959734,0.01342281879194631,0.020134228187919465,0.010067114093959734,0.010067114093959734,0.010067114093959734,0.01677852348993289,0.006711409395973155,0.023489932885906045,0.06375838926174497,0.01342281879194631,0.06711409395973154,0.030201342281879196,0.030201342281879196,0.04026845637583894,0.2919463087248323,0.04026845637583894,0.026845637583892624,0.01677852348993289,0.006711409395973155,0.0033557046979865775,0.0033557046979865775,0.0033557046979865775,0.0033557046979865775,0.0033557046979865775,0.0033557046979865775,0.0033557046979865775,0.0033557046979865775,0.0033557046979865775,0.006711409395973155,0.0033557046979865775,0.006711409395973155,0.0033557046979865775,0.0033557046979865775,0.0033557046979865775,0.0033557046979865775,0.0033557046979865775,0.0033557046979865775,0.01342281879194631,0.0033557046979865775,0.0033557046979865775,0.006711409395973155,0.0033557046979865775,0.0033557046979865775,0.006711409395973155,0.006711409395973155,0.006711409395973155,0.0033557046979865775,0.010067114093959734,0.006711409395973155,0.010067114093959734,0.006711409395973155,0.01342281879194631,0.006711409395973155,0.010067114093959734,0.01677852348993289,0.010067114093959734,0.010067114093959734,0.006711409395973155,0.010067114093959734,0.010067114093959734,0.01342281879194631,0.010067114093959734,0.01342281879194631,0.01342281879194631,0.01342281879194631,0.023489932885906045,0.026845637583892624,0.026845637583892624,0.020134228187919465,0.04362416107382551,0.04697986577181208,0.03691275167785235,0.030201342281879196,0.03355704697986578,0.030201342281879196,0.03355704697986578,0.026845637583892624,0.026845637583892624,0.030201342281879196,0.03355704697986578,0.026845637583892624,0.03355704697986578,0.026845637583892624,0.026845637583892624,0.020134228187919465,0.020134228187919465,0.023489932885906045,0.06711409395973154,0.18456375838926178,0.0604026845637584,0.030201342281879196,0.01677852348993289,0.01342281879194631,0.01342281879194631,0.01342281879194631,0.020134228187919465,0.01342281879194631,0.006711409395973155,0.006711409395973155,0.010067114093959734,0.01677852348993289,0.023489932885906045,0.010067114093959734,0.01677852348993289,0.01677852348993289,0.010067114093959734,0.01342281879194631,0.020134228187919465,0.023489932885906045,0.01677852348993289,0.01342281879194631,0.020134228187919465,0.020134228187919465,0.023489932885906045,0.09731543624161075,0.03691275167785235,0.020134228187919465,0.01342281879194631,0.023489932885906045,0.020134228187919465,0.020134228187919465,0.026845637583892624,0.03691275167785235,0.026845637583892624,0.023489932885906045,0.030201342281879196,0.020134228187919465,0.03691275167785235,0.026845637583892624,0.01677852348993289,0.023489932885906045,0.03691275167785235,0.023489932885906045,0.03355704697986578,0.05033557046979867,0.08053691275167785,0.08389261744966443,0.08724832214765102,0.09395973154362416,0.09060402684563758,0.09060402684563758,0.16778523489932887,0.325503355704698,0.08724832214765102,0.04697986577181208,0.04362416107382551,0.21140939597315442,1.0,0.32885906040268464,0.1040268456375839,0.09060402684563758,0.09060402684563758,0.09060402684563758,0.18456375838926178,0.1812080536912752,0.389261744966443,0.6812080536912752,0.45973154362416113,0.3489932885906041
ID,0.007017543859649122,0.007017543859649122,0.014035087719298246,0.010526315789473684,0.010526315789473684,0.007017543859649122,0.007017543859649122,0.007017543859649122,0.010526315789473684,0.010526315789473684,0.007017543859649122,0.010526315789473684,0.017543859649122806,0.021052631578947364,0.017543859649122806,0.010526315789473684,0.014035087719298246,0.010526315789473684,0.014035087719298246,0.02807017543859649,0.017543859649122806,0.021052631578947364,0.010526315789473684,0.007017543859649122,0.014035087719298246,0.017543859649122806,0.014035087719298246,0.003508771929824562,0.007017543859649122,0.007017543859649122,0.003508771929824562,0.0,0.007017543859649122,0.003508771929824562,0.003508771929824562,0.010526315789473684,0.003508771929824562,0.003508771929824562,0.007017543859649122,0.007017543859649122,0.007017543859649122,0.017543859649122806,0.042105263157894736,0.007017543859649122,0.10175438596491229,0.02807017543859649,0.021052631578947364,0.056140350877192984,0.39649122807017545,0.07719298245614035,0.04912280701754385,0.045614035087719294,0.02456140350877193,0.02456140350877193,0.017543859649122806,0.014035087719298246,0.06666666666666667,0.08070175438596493,0.010526315789473684,0.010526315789473684,0.021052631578947364,0.010526315789473684,0.021052631578947364,0.014035087719298246,0.021052631578947364,0.017543859649122806,0.014035087719298246,0.017543859649122806,0.010526315789473684,0.017543859649122806,0.017543859649122806,0.017543859649122806,0.021052631578947364,0.014035087719298246,0.021052631578947364,0.014035087719298246,0.021052631578947364,0.010526315789473684,0.014035087719298246,0.021052631578947364,0.017543859649122806,0.017543859649122806,0.014035087719298246,0.014035087719298246,0.010526315789473684,0.007017543859649122,0.010526315789473684,0.007017543859649122,0.017543859649122806,0.021052631578947364,0.017543859649122806,0.007017543859649122,0.014035087719298246,0.014035087719298246,0.007017543859649122,0.010526315789473684,0.007017543859649122,0.017543859649122806,0.017543859649122806,0.02456140350877193,0.03157894736842105,0.02456140350877193,0.02456140350877193,0.03859649122807017,0.045614035087719294,0.04912280701754385,0.03859649122807017,0.03508771929824561,0.042105263157894736,0.02807017543859649,0.03157894736842105,0.02807017543859649,0.03508771929824561,0.03859649122807017,0.03157894736842105,0.02807017543859649,0.02807017543859649,0.021052631578947364,0.03157894736842105,0.02456140350877193,0.017543859649122806,0.07017543859649122,0.2982456140350877,0.11228070175438598,0.0736842105263158,0.04912280701754385,0.03157894736842105,0.042105263157894736,0.03157894736842105,0.03508771929824561,0.03157894736842105,0.03157894736842105,0.021052631578947364,0.014035087719298246,0.02807017543859649,0.021052631578947364,0.017543859649122806,0.017543859649122806,0.010526315789473684,0.021052631578947364,0.010526315789473684,0.021052631578947364,0.014035087719298246,0.017543859649122806,0.017543859649122806,0.017543859649122806,0.08070175438596493,0.02456140350877193,0.06666666666666667,0.03859649122807017,0.02456140350877193,0.021052631578947364,0.14385964912280702,0.17543859649122806,0.08771929824561404,0.0912280701754386,0.056140350877192984,0.042105263157894736,0.14035087719298245,0.045614035087719294,0.03157894736842105,0.07719298245614035,0.3333333333333333,0.27368421052631575,0.15087719298245614,0.042105263157894736,0.045614035087719294,0.045614035087719294,0.25263157894736843,0.056140350877192984,0.08070175438596493,0.07017543859649122,0.03157894736842105,0.38596491228070173,0.25263157894736843,0.17543859649122806,0.15789473684210525,0.14035087719298245,0.06315789473684211,0.052631578947368425,0.4070175438596491,1.0,0.5614035087719298,0.19649122807017544,0.08421052631578947,0.10175438596491229,0.15087719298245614,0.12631578947368421,0.5649122807017544,0.38245614035087716,0.5859649122807018,0.6421052631578946,0.34736842105263155
IN,0.0,0.0033557046979865775,0.0,0.0,0.0,0.0,0.0,0.0033557046979865775,0.006711409395973155,0.0033557046979865775,0.0033557046979865775,0.006711409395973155,0.0033557046979865775,0.0033557046979865775,0.0033557046979865775,0.0033557046979865775,0.03691275167785235,0.006711409395973155,0.01677852348993289,0.01342281879194631,0.010067114093959734,0.010067114093959734,0.006711409395973155,0.006711409395973155,0.0033557046979865775,0.0033557046979865775,0.0033557046979865775,0.0,0.010067114093959734,0.0,0.0,0.01342281879194631,0.01342281879194631,0.006711409395973155,0.010067114093959734,0.020134228187919465,0.0033557046979865775,0.01677852348993289,0.023489932885906045,0.05704697986577181,0.01677852348993289,0.026845637583892624,0.03691275167785235,0.020134228187919465,0.10738255033557048,0.04026845637583894,0.030201342281879196,0.05369127516778524,0.36241610738255037,0.09731543624161075,0.06375838926174497,0.05369127516778524,0.03355704697986578,0.026845637583892624,0.026845637583892624,0.01677852348993289,0.01342281879194631,0.01677852348993289,0.023489932885906045,0.010067114093959734,0.023489932885906045,0.020134228187919465,0.020134228187919465,0.01677852348993289,0.020134228187919465,0.020134228187919465,0.01342281879194631,0.006711409395973155,0.010067114093959734,0.006711409395973155,0.010067114093959734,0.030201342281879196,0.01342281879194631,0.020134228187919465,0.04026845637583894,0.020134228187919465,0.01677852348993289,0.010067114093959734,0.010067114093959734,0.01677852348993289,0.020134228187919465,0.030201342281879196,0.026845637583892624,0.020134228187919465,0.020134228187919465,0.01342281879194631,0.01342281879194631,0.01342281879194631,0.01342281879194631,0.01342281879194631,0.01342281879194631,0.010067114093959734,0.020134228187919465,0.01677852348993289,0.01342281879194631,0.020134228187919465,0.01677852348993289,0.020134228187919465,0.01677852348993289,0.030201342281879196,0.030201342281879196,0.023489932885906045,0.023489932885906045,0.03691275167785235,0.04362416107382551,0.03691275167785235,0.023489932885906045,0.023489932885906045,0.026845637583892624,0.03691275167785235,0.030201342281879196,0.020134228187919465,0.023489932885906045,0.026845637583892624,0.03691275167785235,0.026845637583892624,0.030201342281879196,0.026845637583892624,0.023489932885906045,0.023489932885906045,0.020134228187919465,0.07718120805369129,0.21140939597315442,0.12080536912751678,0.0604026845637584,0.09731543624161075,0.0604026845637584,0.06375838926174497,0.05033557046979867,0.06711409395973154,0.07718120805369129,0.026845637583892624,0.03691275167785235,0.026845637583892624,0.03691275167785235,0.08053691275167785,0.05704697986577181,0.026845637583892624,0.026845637583892624,0.03355704697986578,0.03355704697986578,0.03355704697986578,0.03355704697986578,0.026845637583892624,0.030201342281879196,0.030201342281879196,0.06375838926174497,0.06375838926174497,0.10067114093959732,0.08724832214765102,0.04362416107382551,0.04362416107382551,0.0738255033557047,0.04697986577181208,0.03355704697986578,0.04362416107382551,0.0738255033557047,0.04697986577181208,0.04362416107382551,0.04697986577181208,0.04026845637583894,0.11409395973154364,0.04362416107382551,0.03355704697986578,0.05369127516778524,0.0604026845637584,0.05033557046979867,0.08724832214765102,0.16107382550335575,0.12416107382550336,0.13422818791946312,0.07718120805369129,0.12080536912751678,0.20469798657718125,0.1375838926174497,0.1812080536912752,0.23154362416107388,0.18791946308724833,0.07046979865771813,0.0738255033557047,0.4228187919463088,1.0,0.4228187919463088,0.18456375838926178,0.22147651006711414,0.08053691275167785,0.1375838926174497,0.19127516778523493,0.14429530201342283,0.21140939597315442,0.48657718120805377,0.3053691275167786,0.23489932885906045
IT,0.0,0.0,0.003984063745019922,0.0,0.0,0.0,0.0,0.0,0.003984063745019922,0.003984063745019922,0.0,0.011952191235059764,0.019920318725099608,0.011952191235059764,0.0,0.003984063745019922,0.003984063745019922,0.003984063745019922,0.00796812749003984,0.00796812749003984,0.00796812749003984,0.003984063745019922,0.00796812749003984,0.00796812749003984,0.00796812749003984,0.003984063745019922,0.003984063745019922,0.0,0.00796812749003984,0.003984063745019922,0.00796812749003984,0.00796812749003984,0.015936254980079684,0.00796812749003984,0.011952191235059764,0.015936254980079684,0.011952191235059764,0.015936254980079684,0.011952191235059764,0.019920318725099608,0.019920318725099608,0.02390438247011952,0.12749003984063748,0.02390438247011952,0.07968127490039842,0.03984063745019921,0.03187250996015937,0.055776892430278883,0.37848605577689254,0.04780876494023906,0.027888446215139445,0.027888446215139445,0.015936254980079684,0.011952191235059764,0.011952191235059764,0.00796812749003984,0.003984063745019922,0.003984063745019922,0.003984063745019922,0.003984063745019922,0.00796812749003984,0.0,0.00796812749003984,0.011952191235059764,0.00796812749003984,0.00796812749003984,0.0,0.003984063745019922,0.003984063745019922,0.00796812749003984,0.003984063745019922,0.015936254980079684,0.019920318725099608,0.00796812749003984,0.00796812749003984,0.019920318725099608,0.00796812749003984,0.00796812749003984,0.011952191235059764,0.011952191235059764,0.003984063745019922,0.011952191235059764,0.015936254980079684,0.011952191235059764,0.003984063745019922,0.015936254980079684,0.015936254980079684,0.015936254980079684,0.02390438247011952,0.00796812749003984,0.00796812749003984,0.00796812749003984,0.011952191235059764,0.00796812749003984,0.00796812749003984,0.011952191235059764,0.02390438247011952,0.015936254980079684,0.027888446215139445,0.019920318725099608,0.02390438247011952,0.027888446215139445,0.019920318725099608,0.04780876494023906,0.051792828685258974,0.04780876494023906,0.03187250996015937,0.035856573705179286,0.035856573705179286,0.03984063745019921,0.03187250996015937,0.027888446215139445,0.03984063745019921,0.03984063745019921,0.02390438247011952,0.02390438247011952,0.027888446215139445,0.043824701195219126,0.02390438247011952,0.027888446215139445,0.02390438247011952,0.08366533864541834,0.16733067729083667,0.07968127490039842,0.027888446215139445,0.015936254980079684,0.011952191235059764,0.011952191235059764,0.011952191235059764,0.011952191235059764,0.011952191235059764,0.00796812749003984,0.011952191235059764,0.011952191235059764,0.019920318725099608,0.02390438247011952,0.02390438247011952,0.015936254980079684,0.019920318725099608,0.019920318725099608,0.015936254980079684,0.015936254980079684,0.015936254980079684,0.015936254980079684,0.015936254980079684,0.019920318725099608,0.019920318725099608,0.015936254980079684,0.10756972111553786,0.03187250996015937,0.02390438247011952,0.015936254980079684,0.015936254980079684,0.03187250996015937,0.015936254980079684,0.051792828685258974,0.035856573705179286,0.035856573705179286,0.02390438247011952,0.027888446215139445,0.055776892430278883,0.03984063745019921,0.03984063745019921,0.019920318725099608,0.015936254980079684,0.027888446215139445,0.03984063745019921,0.027888446215139445,0.03187250996015937,0.035856573705179286,0.0756972111553785,0.06374501992031872,0.0756972111553785,0.08764940239043825,0.14342629482071714,0.16334661354581678,0.25099601593625503,0.0916334661354582,0.055776892430278883,0.11952191235059761,0.25099601593625503,1.0,0.5418326693227092,0.17529880478087653,0.11952191235059761,0.11553784860557773,0.11553784860557773,0.151394422310757,0.09960159362549803,0.3306772908366534,0.9163346613545817,0.6414342629482073,0.6095617529880478
JP,0.0,0.0,0.0041841004184100415,0.0,0.0041841004184100415,0.0,0.0041841004184100415,0.0,0.0,0.0041841004184100415,0.0041841004184100415,0.0,0.012552301255230125,0.0,0.0,0.0041841004184100415,0.0,0.0,0.0041841004184100415,0.008368200836820083,0.0041841004184100415,0.0041841004184100415,0.0041841004184100415,0.0041841004184100415,0.0,0.0041841004184100415,0.008368200836820083,0.0,0.012552301255230125,0.008368200836820083,0.008368200836820083,0.008368200836820083,0.008368200836820083,0.0,0.008368200836820083,0.008368200836820083,0.0,0.0,0.008368200836820083,0.008368200836820083,0.0041841004184100415,0.0041841004184100415,0.016736401673640166,0.0,0.02510460251046025,0.016736401673640166,0.008368200836820083,0.016736401673640166,0.18410041841004182,0.02510460251046025,0.016736401673640166,0.012552301255230125,0.008368200836820083,0.008368200836820083,0.008368200836820083,0.0041841004184100415,0.008368200836820083,0.008368200836820083,0.012552301255230125,0.0,0.0041841004184100415,0.008368200836820083,0.0,0.008368200836820083,0.008368200836820083,0.008368200836820083,0.0041841004184100415,0.008368200836820083,0.0,0.008368200836820083,0.008368200836820083,0.42677824267782427,0.09623430962343096,0.0,0.008368200836820083,0.008368200836820083,0.008368200836820083,0.008368200836820083,0.008368200836820083,0.008368200836820083,0.008368200836820083,0.0041841004184100415,0.008368200836820083,0.008368200836820083,0.008368200836820083,0.0041841004184100415,0.0,0.008368200836820083,0.008368200836820083,0.008368200836820083,0.012552301255230125,0.012552301255230125,0.008368200836820083,0.008368200836820083,0.012552301255230125,0.008368200836820083,0.008368200836820083,0.008368200836820083,0.012552301255230125,0.008368200836820083,0.016736401673640166,0.016736401673640166,0.012552301255230125,0.016736401673640166,0.02092050209205021,0.016736401673640166,0.016736401673640166,0.016736401673640166,0.016736401673640166,0.012552301255230125,0.012552301255230125,0.012552301255230125,0.016736401673640166,0.008368200836820083,0.008368200836820083,0.012552301255230125,0.012552301255230125,0.012552301255230125,0.008368200836820083,0.008368200836820083,0.008368200836820083,0.02092050209205021,0.1297071129707113,0.058577405857740586,0.016736401673640166,0.016736401673640166,0.02510460251046025,0.012552301255230125,0.012552301255230125,0.008368200836820083,0.008368200836820083,0.0,0.0,0.008368200836820083,0.0041841004184100415,0.016736401673640166,0.012552301255230125,0.0041841004184100415,0.008368200836820083,0.0041841004184100415,0.008368200836820083,0.012552301255230125,0.012552301255230125,0.012552301255230125,0.008368200836820083,0.012552301255230125,0.008368200836820083,0.04184100418410042,0.12552301255230125,0.06694560669456066,0.05439330543933054,0.058577405857740586,0.07112970711297072,0.07112970711297072,0.06694560669456066,0.0794979079497908,0.07112970711297072,0.07112970711297072,0.05439330543933054,0.06694560669456066,0.07531380753138076,0.08368200836820083,0.058577405857740586,0.02510460251046025,0.07112970711297072,0.058577405857740586,0.12133891213389121,0.10460251046025106,0.11297071129707113,0.13807531380753138,0.09623430962343096,0.08368200836820083,0.07531380753138076,0.12552301255230125,0.0794979079497908,0.12552301255230125,0.17573221757322174,0.1589958158995816,0.12552301255230125,0.16317991631799164,0.2594142259414226,1.0,0.6443514644351465,0.305439330543933,0.15481171548117156,0.10460251046025106,0.06694560669456066,0.08368200836820083,0.09205020920502091,0.17154811715481172,0.29707112970711297,0.17154811715481172,0.100418410041841
KR,0.0,0.0,0.0,0.0,0.0,0.0,0.0,0.0,0.0,0.0,0.0,0.0,0.0,0.0,0.0,0.0,0.006666666666666666,0.0,0.01,0.01,0.006666666666666666,0.006666666666666666,0.006666666666666666,0.006666666666666666,0.0,0.006666666666666666,0.01,0.006666666666666666,0.006666666666666666,0.0,0.0,0.0,0.01,0.006666666666666666,0.01,0.01,0.006666666666666666,0.006666666666666666,0.01,0.006666666666666666,0.01,0.006666666666666666,0.013333333333333332,0.013333333333333332,0.023333333333333334,0.016666666666666666,0.013333333333333332,0.023333333333333334,0.11333333333333334,0.02,0.013333333333333332,0.016666666666666666,0.01,0.01,0.01,0.01,0.01,0.01,0.013333333333333332,0.01,0.01,0.01,0.013333333333333332,0.01,0.013333333333333332,0.006666666666666666,0.01,0.01,0.006666666666666666,0.013333333333333332,0.006666666666666666,0.006666666666666666,0.01,0.013333333333333332,0.013333333333333332,0.02,0.01,0.01,0.01,0.01,0.01,0.023333333333333334,0.013333333333333332,0.01,0.013333333333333332,0.013333333333333332,0.013333333333333332,0.013333333333333332,0.01,0.013333333333333332,0.013333333333333332,0.01,0.01,0.01,0.01,0.013333333333333332,0.013333333333333332,0.013333333333333332,0.01,0.016666666666666666,0.01,0.013333333333333332,0.016666666666666666,0.013333333333333332,0.016666666666666666,0.02,0.016666666666666666,0.016666666666666666,0.026666666666666665,0.016666666666666666,0.013333333333333332,0.013333333333333332,0.013333333333333332,0.02,0.006666666666666666,0.016666666666666666,0.013333333333333332,0.016666666666666666,0.016666666666666666,0.01,0.01,0.016666666666666666,0.05,0.023333333333333334,0.02,0.016666666666666666,0.02,0.016666666666666666,0.01,0.013333333333333332,0.01,0.013333333333333332,0.013333333333333332,0.006666666666666666,0.01,0.01,0.013333333333333332,0.013333333333333332,0.0,0.006666666666666666,0.006666666666666666,0.013333333333333332,0.006666666666666666,0.0,0.01,0.013333333333333332,0.013333333333333332,0.02,0.09666666666666666,0.08333333333333334,0.03666666666666667,0.04333333333333333,0.09333333333333334,0.04666666666666667,0.09,0.06666666666666667,0.16666666666666669,0.08333333333333334,0.08,0.08666666666666666,0.04,0.04,0.05666666666666667,0.03666666666666667,0.13333333333333333,0.04333333333333333,0.19333333333333333,0.13,0.12333333333333334,0.09,0.10333333333333335,0.10333333333333335,0.08333333333333334,0.09333333333333334,0.09,0.11333333333333334,0.10666666666666666,0.1,0.11,0.11,0.22,1.0,0.5933333333333334,0.2833333333333333,0.11333333333333334,0.07,0.06,0.09666666666666666,0.08333333333333334,0.14333333333333334,0.21333333333333332,0.24333333333333332,0.24666666666666667
MX,0.011111111111111112,0.011111111111111112,0.007407407407407408,0.0,0.011111111111111112,0.003703703703703704,0.0,0.011111111111111112,0.007407407407407408,0.014814814814814817,0.003703703703703704,0.003703703703703704,0.011111111111111112,0.014814814814814817,0.007407407407407408,0.0,0.003703703703703704,0.007407407407407408,0.018518518518518517,0.022222222222222227,0.011111111111111112,0.007407407407407408,0.011111111111111112,0.007407407407407408,0.014814814814814817,0.0,0.011111111111111112,0.003703703703703704,0.007407407407407408,0.0,0.003703703703703704,0.011111111111111112,0.011111111111111112,0.018518518518518517,0.007407407407407408,0.007407407407407408,0.0,0.003703703703703704,0.007407407407407408,0.018518518518518517,0.011111111111111112,0.02592592592592593,0.08518518518518518,0.02592592592592593,0.11111111111111112,0.040740740740740744,0.02592592592592593,0.05185185185185186,0.3814814814814815,0.0962962962962963,0.05555555555555556,0.048148148148148155,0.044444444444444446,0.018518518518518517,0.014814814814814817,0.018518518518518517,0.014814814814814817,0.014814814814814817,0.014814814814814817,0.003703703703703704,0.011111111111111112,0.014814814814814817,0.011111111111111112,0.014814814814814817,0.014814814814814817,0.007407407407407408,0.007407407407407408,0.007407407407407408,0.007407407407407408,0.011111111111111112,0.011111111111111112,0.022222222222222227,0.02592592592592593,0.018518518518518517,0.011111111111111112,0.011111111111111112,0.003703703703703704,0.011111111111111112,0.011111111111111112,0.014814814814814817,0.014814814814814817,0.02592592592592593,0.014814814814814817,0.011111111111111112,0.014814814814814817,0.014814814814814817,0.011111111111111112,0.011111111111111112,0.018518518518518517,0.014814814814814817,0.011111111111111112,0.011111111111111112,0.003703703703703704,0.014814814814814817,0.007407407407407408,0.011111111111111112,0.02592592592592593,0.022222222222222227,0.02962962962962963,0.040740740740740744,0.02592592592592593,0.02592592592592593,0.022222222222222227,0.048148148148148155,0.08518518518518518,0.05555555555555556,0.03703703703703704,0.02592592592592593,0.05555555555555556,0.05555555555555556,0.02592592592592593,0.02592592592592593,0.044444444444444446,0.05555555555555556,0.03703703703703704,0.03703703703703704,0.022222222222222227,0.02592592592592593,0.02962962962962963,0.022222222222222227,0.044444444444444446,0.10740740740740741,0.2740740740740741,0.17037037037037037,0.07777777777777778,0.05555555555555556,0.02592592592592593,0.03333333333333334,0.02962962962962963,0.02592592592592593,0.07037037037037037,0.048148148148148155,0.03703703703703704,0.022222222222222227,0.03703703703703704,0.03703703703703704,0.03333333333333334,0.014814814814814817,0.014814814814814817,0.03333333333333334,0.03703703703703704,0.03703703703703704,0.022222222222222227,0.02962962962962963,0.022222222222222227,0.02962962962962963,0.018518518518518517,0.03703703703703704,0.11481481481481481,0.05185185185185186,0.02962962962962963,0.040740740740740744,0.022222222222222227,0.03703703703703704,0.040740740740740744,0.07777777777777778,0.10740740740740741,0.21851851851851853,0.048148148148148155,0.06666666666666667,0.05185185185185186,0.13333333333333333,0.05185185185185186,0.05185185185185186,0.0962962962962963,0.05555555555555556,0.03703703703703704,0.05185185185185186,0.048148148148148155,0.06296296296296296,0.11851851851851852,0.07037037037037037,0.05925925925925927,0.437037037037037,0.14814814814814814,0.15185185185185185,0.4185185185185185,0.17777777777777776,0.07407407407407407,0.23333333333333334,0.28888888888888886,1.0,0.4925925925925926,0.2222222222222222,0.19999999999999998,0.12962962962962962,0.2074074074074074,0.2777777777777778,0.15185185185185185,0.3851851851851852,0.9925925925925927,0.5185185185185186,0.3814814814814815
MY,0.0,0.0,0.0,0.0,0.0,0.0033557046979865775,0.0,0.0,0.0033557046979865775,0.0033557046979865775,0.006711409395973155,0.0,0.0033557046979865775,0.0033557046979865775,0.0033557046979865775,0.0,0.010067114093959734,0.010067114093959734,0.006711409395973155,0.01677852348993289,0.0033557046979865775,0.0033557046979865775,0.0033557046979865775,0.0,0.0033557046979865775,0.006711409395973155,0.006711409395973155,0.0033557046979865775,0.0033557046979865775,0.0033557046979865775,0.0033557046979865775,0.010067114093959734,0.0033557046979865775,0.0033557046979865775,0.006711409395973155,0.01342281879194631,0.0738255033557047,0.006711409395973155,0.0033557046979865775,0.006711409395973155,0.006711409395973155,0.020134228187919465,0.10067114093959732,0.01677852348993289,0.09060402684563758,0.03691275167785235,0.020134228187919465,0.05033557046979867,0.35906040268456385,0.09395973154362416,0.0604026845637584,0.023489932885906045,0.020134228187919465,0.01342281879194631,0.01677852348993289,0.01342281879194631,0.010067114093959734,0.010067114093959734,0.010067114093959734,0.006711409395973155,0.010067114093959734,0.010067114093959734,0.006711409395973155,0.010067114093959734,0.010067114093959734,0.010067114093959734,0.010067114093959734,0.010067114093959734,0.0033557046979865775,0.006711409395973155,0.006711409395973155,0.03691275167785235,0.010067114093959734,0.0033557046979865775,0.006711409395973155,0.010067114093959734,0.010067114093959734,0.0033557046979865775,0.0033557046979865775,0.006711409395973155,0.010067114093959734,0.006711409395973155,0.006711409395973155,0.0,0.010067114093959734,0.010067114093959734,0.010067114093959734,0.0033557046979865775,0.010067114093959734,0.010067114093959734,0.010067114093959734,0.010067114093959734,0.0033557046979865775,0.006711409395973155,0.010067114093959734,0.010067114093959734,0.01342281879194631,0.010067114093959734,0.010067114093959734,0.010067114093959734,0.023489932885906045,0.020134228187919465,0.010067114093959734,0.030201342281879196,0.03355704697986578,0.026845637583892624,0.020134228187919465,0.11409395973154364,0.030201342281879196,0.020134228187919465,0.023489932885906045,0.01677852348993289,0.026845637583892624,0.026845637583892624,0.01342281879194631,0.026845637583892624,0.01342281879194631,0.020134228187919465,0.020134228187919465,0.01677852348993289,0.010067114093959734,0.05369127516778524,0.3758389261744967,0.12080536912751678,0.03691275167785235,0.03355704697986578,0.026845637583892624,0.023489932885906045,0.01342281879194631,0.01677852348993289,0.01342281879194631,0.01342281879194631,0.010067114093959734,0.01677852348993289,0.01342281879194631,0.01677852348993289,0.01342281879194631,0.01342281879194631,0.09731543624161075,0.010067114093959734,0.01342281879194631,0.01342281879194631,0.010067114093959734,0.006711409395973155,0.01342281879194631,0.006711409395973155,0.01677852348993289,0.01342281879194631,0.10738255033557048,0.03691275167785235,0.020134228187919465,0.023489932885906045,0.030201342281879196,0.020134228187919465,0.020134228187919465,0.020134228187919465,0.04362416107382551,0.026845637583892624,0.020134228187919465,0.023489932885906045,0.01677852348993289,0.19798657718120807,0.01677852348993289,0.01677852348993289,0.020134228187919465,0.01677852348993289,0.0604026845637584,0.026845637583892624,0.026845637583892624,0.030201342281879196,0.026845637583892624,0.0604026845637584,0.01677852348993289,0.03691275167785235,0.04026845637583894,0.11744966442953021,0.0604026845637584,0.09395973154362416,0.04026845637583894,0.026845637583892624,0.325503355704698,1.0,0.3724832214765101,0.14093959731543626,0.09731543624161075,0.03691275167785235,0.04026845637583894,0.19798657718120807,0.08724832214765102,0.3187919463087249,0.6644295302013424,0.44630872483221484,0.30872483221476515
NL,0.0041841004184100415,0.0041841004184100415,0.0041841004184100415,0.0,0.0,0.0041841004184100415,0.0,0.0,0.0041841004184100415,0.008368200836820085,0.008368200836820085,0.0041841004184100415,0.0041841004184100415,0.0041841004184100415,0.0041841004184100415,0.0,0.0041841004184100415,0.0041841004184100415,0.008368200836820085,0.012552301255230124,0.008368200836820085,0.0041841004184100415,0.008368200836820085,0.0041841004184100415,0.0041841004184100415,0.012552301255230124,0.0041841004184100415,0.0041841004184100415,0.012552301255230124,0.0041841004184100415,0.008368200836820085,0.008368200836820085,0.012552301255230124,0.008368200836820085,0.012552301255230124,0.016736401673640166,0.012552301255230124,0.008368200836820085,0.012552301255230124,0.012552301255230124,0.008368200836820085,0.016736401673640166,0.058577405857740586,0.012552301255230124,0.0502092050209205,0.02928870292887029,0.02510460251046025,0.03765690376569038,0.2719665271966527,0.04184100418410042,0.02092050209205021,0.016736401673640166,0.008368200836820085,0.008368200836820085,0.0041841004184100415,0.0041841004184100415,0.008368200836820085,0.0041841004184100415,0.0041841004184100415,0.0041841004184100415,0.008368200836820085,0.0041841004184100415,0.0041841004184100415,0.008368200836820085,0.008368200836820085,0.0041841004184100415,0.0041841004184100415,0.0041841004184100415,0.008368200836820085,0.0041841004184100415,0.0041841004184100415,0.012552301255230124,0.0041841004184100415,0.0041841004184100415,0.0041841004184100415,0.0041841004184100415,0.0041841004184100415,0.0041841004184100415,0.0041841004184100415,0.0041841004184100415,0.008368200836820085,0.008368200836820085,0.0041841004184100415,0.008368200836820085,0.008368200836820085,0.008368200836820085,0.008368200836820085,0.008368200836820085,0.016736401673640166,0.008368200836820085,0.008368200836820085,0.008368200836820085,0.008368200836820085,0.008368200836820085,0.008368200836820085,0.008368200836820085,0.008368200836820085,0.012552301255230124,0.012552301255230124,0.016736401673640166,0.02092050209205021,0.02510460251046025,0.016736401673640166,0.02510460251046025,0.03765690376569038,0.02928870292887029,0.02510460251046025,0.02510460251046025,0.02928870292887029,0.02510460251046025,0.02092050209205021,0.02092050209205021,0.02510460251046025,0.016736401673640166,0.02092050209205021,0.02092050209205021,0.02510460251046025,0.016736401673640166,0.012552301255230124,0.012552301255230124,0.012552301255230124,0.05439330543933055,0.1506276150627615,0.04602510460251046,0.016736401673640166,0.016736401673640166,0.012552301255230124,0.008368200836820085,0.0041841004184100415,0.0041841004184100415,0.0041841004184100415,0.008368200836820085,0.0041841004184100415,0.008368200836820085,0.012552301255230124,0.012552301255230124,0.008368200836820085,0.012552301255230124,0.008368200836820085,0.008368200836820085,0.016736401673640166,0.016736401673640166,0.012552301255230124,0.012552301255230124,0.008368200836820085,0.012552301255230124,0.02510460251046025,0.016736401673640166,0.0794979079497908,0.02510460251046025,0.012552301255230124,0.012552301255230124,0.016736401673640166,0.012552301255230124,0.008368200836820085,0.016736401673640166,0.02092050209205021,0.02092050209205021,0.016736401673640166,0.03347280334728034,0.02510460251046025,0.04184100418410042,0.02092050209205021,0.016736401673640166,0.02092050209205021,0.02092050209205021,0.02092050209205021,0.02510460251046025,0.02092050209205021,0.02928870292887029,0.03347280334728034,0.04184100418410042,0.02928870292887029,0.058577405857740586,0.0794979079497908,0.10460251046025104,0.22594142259414224,0.07112970711297072,0.1422594142259414,0.09205020920502092,0.20920502092050208,1.0,0.606694560669456,0.26778242677824265,0.14644351464435146,0.12970711297071127,0.10041841004184102,0.2175732217573222,0.2803347280334728,0.30962343096234307,0.6317991631799164,0.3640167364016736,0.606694560669456
PH,0.0038167938931297713,0.0,0.0,0.0,0.0038167938931297713,0.0,0.0,0.0,0.0038167938931297713,0.0038167938931297713,0.0,0.0038167938931297713,0.0,0.0038167938931297713,0.0,0.0,0.0038167938931297713,0.0,0.007633587786259542,0.011450381679389315,0.0267175572519084,0.015267175572519085,0.007633587786259542,0.0038167938931297713,0.0038167938931297713,0.007633587786259542,0.007633587786259542,0.0038167938931297713,0.007633587786259542,0.0038167938931297713,0.007633587786259542,0.0267175572519084,0.011450381679389315,0.011450381679389315,0.01908396946564886,0.007633587786259542,0.0038167938931297713,0.0038167938931297713,0.015267175572519085,0.0267175572519084,0.0,0.01908396946564886,0.06106870229007634,0.011450381679389315,0.05725190839694656,0.0267175572519084,0.022900763358778626,0.04580152671755726,0.4770992366412214,0.09923664122137406,0.07251908396946564,0.04580152671755726,0.0267175572519084,0.0267175572519084,0.015267175572519085,0.015267175572519085,0.011450381679389315,0.0267175572519084,0.011450381679389315,0.0038167938931297713,0.022900763358778626,0.0267175572519084,0.007633587786259542,0.007633587786259542,0.011450381679389315,0.007633587786259542,0.0038167938931297713,0.0038167938931297713,0.007633587786259542,0.0038167938931297713,0.007633587786259542,0.007633587786259542,0.007633587786259542,0.007633587786259542,0.011450381679389315,0.011450381679389315,0.011450381679389315,0.007633587786259542,0.011450381679389315,0.011450381679389315,0.0038167938931297713,0.03053435114503817,0.011450381679389315,0.0038167938931297713,0.022900763358778626,0.007633587786259542,0.007633587786259542,0.007633587786259542,0.007633587786259542,0.007633587786259542,0.0038167938931297713,0.007633587786259542,0.007633587786259542,0.0038167938931297713,0.007633587786259542,0.007633587786259542,0.007633587786259542,0.0038167938931297713,0.022900763358778626,0.011450381679389315,0.03435114503816794,0.011450381679389315,0.01908396946564886,0.04580152671755726,0.04198473282442748,0.03816793893129771,0.03435114503816794,0.04198473282442748,0.03053435114503817,0.015267175572519085,0.01908396946564886,0.015267175572519085,0.04961832061068702,0.01908396946564886,0.01908396946564886,0.0267175572519084,0.01908396946564886,0.015267175572519085,0.015267175572519085,0.015267175572519085,0.015267175572519085,0.08778625954198474,0.44274809160305345,0.14885496183206104,0.06870229007633588,0.05725190839694656,0.04198473282442748,0.03816793893129771,0.03053435114503817,0.04580152671755726,0.011450381679389315,0.011450381679389315,0.015267175572519085,0.011450381679389315,0.015267175572519085,0.0267175572519084,0.0267175572519084,0.007633587786259542,0.011450381679389315,0.015267175572519085,0.011450381679389315,0.011450381679389315,0.007633587786259542,0.007633587786259542,0.007633587786259542,0.022900763358778626,0.011450381679389315,0.03435114503816794,0.10305343511450381,0.05725190839694656,0.03816793893129771,0.03053435114503817,0.04198473282442748,0.03053435114503817,0.04198473282442748,0.04198473282442748,0.08778625954198474,0.0648854961832061,0.03435114503816794,0.04580152671755726,0.04961832061068702,0.03053435114503817,0.03053435114503817,0.03816793893129771,0.04198473282442748,0.01908396946564886,0.03053435114503817,0.04580152671755726,0.04580152671755726,0.05343511450381679,0.04580152671755726,0.03816793893129771,0.04961832061068702,0.06106870229007634,0.05725190839694656,0.18702290076335876,0.21755725190839695,0.0801526717557252,0.05725190839694656,0.14885496183206104,0.3702290076335878,0.9999999999999999,0.5572519083969466,0.13358778625954199,0.22519083969465647,0.05725190839694656,0.04961832061068702,0.32061068702290074,0.1564885496183206,0.3320610687022901,0.9007633587786259,0.6030534351145038,0.36259541984732824
PL,0.0,0.0,0.005076142131979695,0.0,0.0,0.0,0.0,0.0,0.005076142131979695,0.005076142131979695,0.005076142131979695,0.010152284263959392,0.015228426395939085,0.0,0.005076142131979695,0.0,0.005076142131979695,0.0,0.005076142131979695,0.010152284263959392,0.005076142131979695,0.0,0.005076142131979695,0.0,0.005076142131979695,0.0,0.0,0.0,0.010152284263959392,0.010152284263959392,0.005076142131979695,0.015228426395939085,0.010152284263959392,0.010152284263959392,0.010152284263959392,0.005076142131979695,0.010152284263959392,0.03553299492385787,0.015228426395939085,0.015228426395939085,0.015228426395939085,0.03553299492385787,0.18781725888324874,0.04060913705583756,0.1015228426395939,0.04060913705583756,0.030456852791878174,0.07614213197969542,0.44670050761421315,0.06598984771573603,0.03553299492385787,0.03553299492385787,0.02030456852791878,0.02030456852791878,0.010152284263959392,0.010152284263959392,0.010152284263959392,0.010152284263959392,0.0,0.005076142131979695,0.010152284263959392,0.010152284263959392,0.015228426395939085,0.02030456852791878,0.015228426395939085,0.010152284263959392,0.005076142131979695,0.010152284263959392,0.010152284263959392,0.010152284263959392,0.010152284263959392,0.025380710659898477,0.010152284263959392,0.010152284263959392,0.010152284263959392,0.010152284263959392,0.005076142131979695,0.010152284263959392,0.015228426395939085,0.005076142131979695,0.015228426395939085,0.015228426395939085,0.015228426395939085,0.010152284263959392,0.015228426395939085,0.010152284263959392,0.010152284263959392,0.010152284263959392,0.030456852791878174,0.015228426395939085,0.010152284263959392,0.010152284263959392,0.015228426395939085,0.015228426395939085,0.010152284263959392,0.015228426395939085,0.02030456852791878,0.02030456852791878,0.02030456852791878,0.03553299492385787,0.04060913705583756,0.03553299492385787,0.025380710659898477,0.06091370558375634,0.06091370558375634,0.04568527918781726,0.04060913705583756,0.04060913705583756,0.04568527918781726,0.03553299492385787,0.04060913705583756,0.03553299492385787,0.04568527918781726,0.03553299492385787,0.025380710659898477,0.030456852791878174,0.025380710659898477,0.025380710659898477,0.015228426395939085,0.02030456852791878,0.030456852791878174,0.07614213197969542,0.23350253807106597,0.08629441624365482,0.030456852791878174,0.025380710659898477,0.025380710659898477,0.015228426395939085,0.02030456852791878,0.015228426395939085,0.010152284263959392,0.010152284263959392,0.010152284263959392,0.025380710659898477,0.025380710659898477,0.025380710659898477,0.015228426395939085,0.015228426395939085,0.015228426395939085,0.010152284263959392,0.02030456852791878,0.025380710659898477,0.015228426395939085,0.015228426395939085,0.02030456852791878,0.030456852791878174,0.02030456852791878,0.025380710659898477,0.1015228426395939,0.06091370558375634,0.02030456852791878,0.015228426395939085,0.030456852791878174,0.02030456852791878,0.02030456852791878,0.05076142131979695,0.05076142131979695,0.04568527918781726,0.04568527918781726,0.04060913705583756,0.06598984771573603,0.06091370558375634,0.03553299492385787,0.030456852791878174,0.05076142131979695,0.025380710659898477,0.030456852791878174,0.025380710659898477,0.030456852791878174,0.055837563451776644,0.055837563451776644,0.04060913705583756,0.03553299492385787,0.05076142131979695,0.0964467005076142,0.15228426395939085,0.25888324873096447,0.16243654822335024,0.06091370558375634,0.03553299492385787,0.17258883248730963,0.9999999999999999,0.3045685279187817,0.15228426395939085,0.0964467005076142,0.08121827411167512,0.08629441624365482,0.1015228426395939,0.1015228426395939,0.39086294416243655,0.7766497461928933,0.38578680203045684,0.24873096446700504
SA,0.0,0.0,0.006666666666666666,0.0,0.003333333333333333,0.006666666666666666,0.003333333333333333,0.006666666666666666,0.006666666666666666,0.006666666666666666,0.006666666666666666,0.003333333333333333,0.0,0.006666666666666666,0.003333333333333333,0.003333333333333333,0.01,0.006666666666666666,0.01,0.016666666666666666,0.01,0.01,0.01,0.006666666666666666,0.006666666666666666,0.013333333333333332,0.01,0.006666666666666666,0.006666666666666666,0.006666666666666666,0.01,0.006666666666666666,0.0,0.01,0.006666666666666666,0.01,0.01,0.006666666666666666,0.006666666666666666,0.013333333333333332,0.003333333333333333,0.013333333333333332,0.04,0.013333333333333332,0.03666666666666667,0.023333333333333334,0.023333333333333334,0.05666666666666667,0.24333333333333332,0.05,0.02,0.016666666666666666,0.013333333333333332,0.01,0.01,0.01,0.0,0.013333333333333332,0.006666666666666666,0.01,0.01,0.01,0.01,0.006666666666666666,0.01,0.01,0.006666666666666666,0.01,0.01,0.01,0.01,0.013333333333333332,0.01,0.013333333333333332,0.006666666666666666,0.016666666666666666,0.02,0.013333333333333332,0.013333333333333332,0.016666666666666666,0.016666666666666666,0.013333333333333332,0.01,0.013333333333333332,0.01,0.013333333333333332,0.006666666666666666,0.013333333333333332,0.013333333333333332,0.013333333333333332,0.01,0.006666666666666666,0.01,0.013333333333333332,0.006666666666666666,0.013333333333333332,0.013333333333333332,0.01,0.04333333333333333,0.02,0.013333333333333332,0.013333333333333332,0.01,0.026666666666666665,0.023333333333333334,0.04666666666666667,0.02,0.023333333333333334,0.02,0.02,0.02,0.013333333333333332,0.026666666666666665,0.016666666666666666,0.016666666666666666,0.023333333333333334,0.023333333333333334,0.026666666666666665,0.02,0.02,0.02,0.03333333333333333,0.23333333333333334,0.08,0.023333333333333334,0.023333333333333334,0.013333333333333332,0.02,0.016666666666666666,0.02,0.016666666666666666,0.023333333333333334,0.016666666666666666,0.016666666666666666,0.02,0.013333333333333332,0.013333333333333332,0.016666666666666666,0.013333333333333332,0.016666666666666666,0.01,0.016666666666666666,0.013333333333333332,0.01,0.013333333333333332,0.01,0.013333333333333332,0.04666666666666667,0.04666666666666667,0.06333333333333332,0.016666666666666666,0.02,0.023333333333333334,0.023333333333333334,0.016666666666666666,0.02,0.05666666666666667,0.023333333333333334,0.01,0.016666666666666666,0.02,0.02,0.02,0.05333333333333333,0.03666666666666667,0.023333333333333334,0.05666666666666667,0.026666666666666665,0.05666666666666667,0.07333333333333333,0.09666666666666666,0.03,0.04333333333333333,0.07,0.06666666666666667,0.11,0.14333333333333334,0.11666666666666667,0.06,0.03333333333333333,0.27666666666666667,1.0,0.31333333333333335,0.11333333333333334,0.11666666666666667,0.04666666666666667,0.12,0.11,0.07,0.2566666666666667,0.46,0.25,0.14666666666666667
SG,0.015,0.0,0.01,0.0,0.0,0.0,0.0,0.0,0.01,0.015,0.0,0.01,0.0,0.01,0.015,0.0,0.015,0.015,0.01,0.025,0.015,0.0,0.01,0.0,0.02,0.02,0.01,0.01,0.01,0.0,0.015,0.025,0.015,0.02,0.02,0.02,0.015,0.02,0.02,0.015,0.015,0.025,0.08,0.015,0.08,0.045,0.03,0.06,0.445,0.045,0.05,0.02,0.025,0.01,0.015,0.015,0.015,0.0,0.0,0.015,0.02,0.01,0.015,0.015,0.015,0.02,0.015,0.0,0.015,0.015,0.0,0.015,0.015,0.02,0.02,0.02,0.015,0.02,0.02,0.015,0.015,0.025,0.02,0.015,0.015,0.02,0.02,0.0,0.015,0.015,0.02,0.015,0.025,0.015,0.02,0.02,0.015,0.02,0.02,0.025,0.025,0.035,0.02,0.015,0.03,0.03,0.025,0.025,0.03,0.025,0.03,0.03,0.03,0.03,0.03,0.035,0.025,0.02,0.025,0.015,0.02,0.075,0.21,0.08,0.04,0.03,0.025,0.03,0.015,0.025,0.015,0.015,0.015,0.02,0.0,0.02,0.015,0.0,0.015,0.015,0.02,0.02,0.0,0.02,0.015,0.025,0.02,0.025,0.08,0.05,0.03,0.04,0.025,0.035,0.025,0.035,0.105,0.035,0.04,0.045,0.035,0.05,0.04,0.03,0.03,0.035,0.04,0.045,0.095,0.055,0.11,0.05,0.05,0.04,0.07,0.145,0.155,0.085,0.06,0.115,0.3,1.0,0.47000000000000003,0.18,0.125,0.08,0.025,0.045,0.05,0.20500000000000002,0.46,0.23500000000000001,0.125
TH,0.0,0.007547169811320755,0.011320754716981133,0.007547169811320755,0.007547169811320755,0.007547169811320755,0.007547169811320755,0.011320754716981133,0.0,0.011320754716981133,0.007547169811320755,0.007547169811320755,0.011320754716981133,0.01509433962264151,0.0,0.0,0.007547169811320755,0.011320754716981133,0.0339622641509434,0.01509433962264151,0.022641509433962266,0.007547169811320755,0.011320754716981133,0.007547169811320755,0.007547169811320755,0.0,0.007547169811320755,0.007547169811320755,0.011320754716981133,0.011320754716981133,0.011320754716981133,0.01509433962264151,0.0,0.011320754716981133,0.0,0.01509433962264151,0.0339622641509434,0.01509433962264151,0.011320754716981133,0.007547169811320755,0.007547169811320755,0.01509433962264151,0.04528301886792453,0.01509433962264151,0.12452830188679247,0.0339622641509434,0.022641509433962266,0.04528301886792453,1.0,0.09056603773584906,0.0339622641509434,0.022641509433962266,0.022641509433962266,0.022641509433962266,0.01509433962264151,0.011320754716981133,0.01886792452830189,0.011320754716981133,0.01509433962264151,0.011320754716981133,0.0339622641509434,0.01509433962264151,0.03018867924528302,0.01886792452830189,0.011320754716981133,0.01509433962264151,0.011320754716981133,0.01509433962264151,0.01509433962264151,0.01509433962264151,0.011320754716981133,0.022641509433962266,0.03018867924528302,0.01886792452830189,0.01509433962264151,0.011320754716981133,0.01509433962264151,0.011320754716981133,0.01886792452830189,0.01509433962264151,0.011320754716981133,0.01509433962264151,0.011320754716981133,0.0,0.01886792452830189,0.01509433962264151,0.007547169811320755,0.007547169811320755,0.011320754716981133,0.01509433962264151,0.01509433962264151,0.01886792452830189,0.026415094339622646,0.011320754716981133,0.01509433962264151,0.01886792452830189,0.01509433962264151,0.01886792452830189,0.026415094339622646,0.01886792452830189,0.022641509433962266,0.022641509433962266,0.022641509433962266,0.0339622641509434,0.04905660377358491,0.026415094339622646,0.04528301886792453,0.05283018867924529,0.04528301886792453,0.0339622641509434,0.03018867924528302,0.026415094339622646,0.026415094339622646,0.01886792452830189,0.01886792452830189,0.0339622641509434,0.0339622641509434,0.026415094339622646,0.01886792452830189,0.022641509433962266,0.026415094339622646,0.06037735849056604,0.4037735849056604,0.139622641509434,0.06415094339622643,0.05660377358490566,0.03018867924528302,0.01886792452830189,0.022641509433962266,0.026415094339622646,0.01509433962264151,0.01509433962264151,0.01509433962264151,0.01509433962264151,0.01509433962264151,0.041509433962264156,0.01886792452830189,0.01886792452830189,0.01509433962264151,0.0,0.04528301886792453,0.01886792452830189,0.0339622641509434,0.01509433962264151,0.01509433962264151,0.01886792452830189,0.022641509433962266,0.01886792452830189,0.09056603773584906,0.0679245283018868,0.03018867924528302,0.04905660377358491,0.026415094339622646,0.026415094339622646,0.01509433962264151,0.01886792452830189,0.04905660377358491,0.06415094339622643,0.03773584905660378,0.05283018867924529,0.026415094339622646,0.026415094339622646,0.022641509433962266,0.03018867924528302,0.05660377358490566,0.0339622641509434,0.0339622641509434,0.05283018867924529,0.06037735849056604,0.06415094339622643,0.06415094339622643,0.05283018867924529,0.04905660377358491,0.06037735849056604,0.07547169811320756,0.07547169811320756,0.06037735849056604,0.08301886792452831,0.07924528301886793,0.04905660377358491,0.39245283018867927,0.9245283018867926,0.3358490566037736,0.15094339622641512,0.07924528301886793,0.05283018867924529,0.1320754716981132,0.09811320754716982,0.09811320754716982,0.5509433962264151,0.739622641509434,0.42264150943396234,0.2641509433962264
TR,0.0,0.0,0.005025125628140704,0.005025125628140704,0.005025125628140704,0.005025125628140704,0.005025125628140704,0.005025125628140704,0.005025125628140704,0.005025125628140704,0.005025125628140704,0.0,0.005025125628140704,0.005025125628140704,0.005025125628140704,0.005025125628140704,0.005025125628140704,0.005025125628140704,0.010050251256281405,0.010050251256281405,0.010050251256281405,0.005025125628140704,0.005025125628140704,0.005025125628140704,0.005025125628140704,0.005025125628140704,0.005025125628140704,0.005025125628140704,0.01507537688442211,0.010050251256281405,0.005025125628140704,0.010050251256281405,0.010050251256281405,0.010050251256281405,0.01507537688442211,0.010050251256281405,0.005025125628140704,0.010050251256281405,0.005025125628140704,0.01507537688442211,0.010050251256281405,0.020100502512562814,0.10552763819095479,0.025125628140703515,0.07537688442211056,0.03015075376884422,0.03015075376884422,0.07035175879396986,0.48743718592964824,0.10050251256281408,0.055276381909547735,0.025125628140703515,0.020100502512562814,0.01507537688442211,0.01507537688442211,0.01507537688442211,0.020100502512562814,0.01507537688442211,0.035175879396984924,0.010050251256281405,0.01507537688442211,0.01507537688442211,0.01507537688442211,0.03015075376884422,0.020100502512562814,0.01507537688442211,0.020100502512562814,0.010050251256281405,0.010050251256281405,0.01507537688442211,0.01507537688442211,0.01507537688442211,0.01507537688442211,0.010050251256281405,0.010050251256281405,0.01507537688442211,0.01507537688442211,0.010050251256281405,0.010050251256281405,0.01507537688442211,0.03015075376884422,0.01507537688442211,0.01507537688442211,0.01507537688442211,0.03015075376884422,0.035175879396984924,0.010050251256281405,0.020100502512562814,0.01507537688442211,0.010050251256281405,0.020100502512562814,0.010050251256281405,0.010050251256281405,0.010050251256281405,0.010050251256281405,0.01507537688442211,0.01507537688442211,0.020100502512562814,0.020100502512562814,0.020100502512562814,0.025125628140703515,0.04522613065326633,0.04020100502512563,0.04522613065326633,0.03015075376884422,0.020100502512562814,0.020100502512562814,0.025125628140703515,0.04020100502512563,0.025125628140703515,0.04522613065326633,0.025125628140703515,0.020100502512562814,0.025125628140703515,0.04020100502512563,0.020100502512562814,0.035175879396984924,0.025125628140703515,0.01507537688442211,0.01507537688442211,0.01507537688442211,0.07537688442211056,0.2412060301507538,0.10552763819095479,0.035175879396984924,0.025125628140703515,0.025125628140703515,0.025125628140703515,0.020100502512562814,0.020100502512562814,0.035175879396984924,0.01507537688442211,0.01507537688442211,0.025125628140703515,0.020100502512562814,0.020100502512562814,0.01507537688442211,0.01507537688442211,0.01507537688442211,0.01507537688442211,0.01507537688442211,0.020100502512562814,0.01507537688442211,0.01507537688442211,0.01507537688442211,0.020100502512562814,0.01507537688442211,0.020100502512562814,0.08542713567839197,0.04522613065326633,0.020100502512562814,0.01507537688442211,0.020100502512562814,0.035175879396984924,0.035175879396984924,0.020100502512562814,0.05025125628140704,0.05025125628140704,0.03015075376884422,0.04020100502512563,0.035175879396984924,0.03015075376884422,0.04522613065326633,0.04020100502512563,0.04020100502512563,0.04522613065326633,0.04522613065326633,0.05025125628140704,0.06030150753768845,0.08542713567839197,0.06030150753768845,0.055276381909547735,0.07537688442211056,0.06532663316582915,0.06030150753768845,0.11055276381909548,0.1306532663316583,0.09045226130653267,0.06532663316582915,0.04522613065326633,0.22110552763819097,0.9999999999999999,0.271356783919598,0.1306532663316583,0.09045226130653267,0.07035175879396986,0.09547738693467338,0.11055276381909548,0.07537688442211056,0.271356783919598,0.6030150753768844,0.25125628140703515,0.15577889447236182
US,0.0033557046979865775,0.0033557046979865775,0.0033557046979865775,0.0033557046979865775,0.0,0.0033557046979865775,0.0,0.0,0.0033557046979865775,0.0033557046979865775,0.0033557046979865775,0.0033557046979865775,0.0033557046979865775,0.006711409395973155,0.0033557046979865775,0.0033557046979865775,0.0033557046979865775,0.0033557046979865775,0.01342281879194631,0.010067114093959734,0.010067114093959734,0.006711409395973155,0.0033557046979865775,0.0033557046979865775,0.0033557046979865775,0.01342281879194631,0.0033557046979865775,0.006711409395973155,0.01677852348993289,0.006711409395973155,0.0033557046979865775,0.020134228187919465,0.01342281879194631,0.010067114093959734,0.010067114093959734,0.020134228187919465,0.006711409395973155,0.010067114093959734,0.006711409395973155,0.03691275167785235,0.020134228187919465,0.030201342281879196,0.06375838926174497,0.010067114093959734,0.0738255033557047,0.05704697986577181,0.04026845637583894,0.05033557046979867,0.35234899328859065,0.10067114093959732,0.0604026845637584,0.04697986577181208,0.020134228187919465,0.01677852348993289,0.01677852348993289,0.01677852348993289,0.010067114093959734,0.010067114093959734,0.01342281879194631,0.010067114093959734,0.010067114093959734,0.010067114093959734,0.010067114093959734,0.01677852348993289,0.010067114093959734,0.010067114093959734,0.010067114093959734,0.01677852348993289,0.010067114093959734,0.010067114093959734,0.010067114093959734,0.020134228187919465,0.01342281879194631,0.010067114093959734,0.01677852348993289,0.01677852348993289,0.01342281879194631,0.01677852348993289,0.020134228187919465,0.020134228187919465,0.020134228187919465,0.020134228187919465,0.01677852348993289,0.01342281879194631,0.023489932885906045,0.01677852348993289,0.01677852348993289,0.020134228187919465,0.020134228187919465,0.020134228187919465,0.01342281879194631,0.01677852348993289,0.01677852348993289,0.01677852348993289,0.01342281879194631,0.020134228187919465,0.01677852348993289,0.020134228187919465,0.023489932885906045,0.03355704697986578,0.03355704697986578,0.03691275167785235,0.030201342281879196,0.05033557046979867,0.0738255033557047,0.05704697986577181,0.03691275167785235,0.04697986577181208,0.04362416107382551,0.04697986577181208,0.05033557046979867,0.04697986577181208,0.06375838926174497,0.05704697986577181,0.04026845637583894,0.04697986577181208,0.04026845637583894,0.04026845637583894,0.03691275167785235,0.03355704697986578,0.03355704697986578,0.12080536912751678,0.25838926174496646,0.1040268456375839,0.05369127516778524,0.04362416107382551,0.026845637583892624,0.03355704697986578,0.020134228187919465,0.023489932885906045,0.020134228187919465,0.023489932885906045,0.026845637583892624,0.04697986577181208,0.07718120805369129,0.05704697986577181,0.030201342281879196,0.020134228187919465,0.020134228187919465,0.020134228187919465,0.01677852348993289,0.03355704697986578,0.023489932885906045,0.023489932885906045,0.01677852348993289,0.026845637583892624,0.030201342281879196,0.030201342281879196,0.11744966442953021,0.05369127516778524,0.03691275167785235,0.04026845637583894,0.03691275167785235,0.04362416107382551,0.026845637583892624,0.04697986577181208,0.10067114093959732,0.06711409395973154,0.04697986577181208,0.05704697986577181,0.05033557046979867,0.05369127516778524,0.04697986577181208,0.04362416107382551,0.05369127516778524,0.06375838926174497,0.05369127516778524,0.06711409395973154,0.14093959731543626,0.06375838926174497,0.08724832214765102,0.07046979865771813,0.11409395973154364,0.11409395973154364,0.09731543624161075,0.12751677852348997,0.22147651006711414,0.12751677852348997,0.09731543624161075,0.09060402684563758,0.25838926174496646,1.0,0.45302013422818793,0.18456375838926178,0.11409395973154364,0.12416107382550336,0.08053691275167785,0.13087248322147652,0.151006711409396,0.27852348993288595,0.5973154362416108,0.41610738255033564,0.2684563758389262
VN,0.010309278350515464,0.010309278350515464,0.024054982817869417,0.013745704467353952,0.010309278350515464,0.010309278350515464,0.006872852233676976,0.010309278350515464,0.010309278350515464,0.010309278350515464,0.010309278350515464,0.006872852233676976,0.013745704467353952,0.013745704467353952,0.010309278350515464,0.006872852233676976,0.048109965635738834,0.024054982817869417,0.01718213058419244,0.05154639175257732,0.010309278350515464,0.013745704467353952,0.01718213058419244,0.01718213058419244,0.013745704467353952,0.048109965635738834,0.013745704467353952,0.041237113402061855,0.054982817869415807,0.013745704467353952,0.020618556701030927,0.020618556701030927,0.020618556701030927,0.010309278350515464,0.013745704467353952,0.020618556701030927,0.03436426116838488,0.020618556701030927,0.01718213058419244,0.06872852233676977,0.027491408934707903,0.020618556701030927,0.03436426116838488,0.041237113402061855,0.07560137457044673,0.037800687285223365,0.030927835051546393,0.058419243986254296,0.6357388316151202,0.14432989690721648,0.09278350515463918,0.027491408934707903,0.06872852233676977,0.030927835051546393,0.030927835051546393,0.024054982817869417,0.061855670103092786,0.030927835051546393,0.027491408934707903,0.020618556701030927,0.020618556701030927,0.027491408934707903,0.020618556701030927,0.027491408934707903,0.030927835051546393,0.024054982817869417,0.027491408934707903,0.024054982817869417,0.01718213058419244,0.027491408934707903,0.024054982817869417,0.03436426116838488,0.020618556701030927,0.024054982817869417,0.020618556701030927,0.01718213058419244,0.058419243986254296,0.027491408934707903,0.027491408934707903,0.024054982817869417,0.03436426116838488,0.027491408934707903,0.03436426116838488,0.030927835051546393,0.06529209621993126,0.030927835051546393,0.027491408934707903,0.024054982817869417,0.020618556701030927,0.020618556701030927,0.024054982817869417,0.024054982817869417,0.024054982817869417,0.01718213058419244,0.020618556701030927,0.0,0.024054982817869417,0.024054982817869417,0.027491408934707903,0.01718213058419244,0.024054982817869417,0.0859106529209622,0.027491408934707903,0.024054982817869417,0.030927835051546393,0.07903780068728522,0.030927835051546393,0.04467353951890034,0.04467353951890034,0.030927835051546393,0.030927835051546393,0.03436426116838488,0.07560137457044673,0.03436426116838488,0.07216494845360824,0.037800687285223365,0.03436426116838488,0.07560137457044673,0.03436426116838488,0.03436426116838488,0.027491408934707903,0.10996563573883161,0.6048109965635738,0.2508591065292096,0.054982817869415807,0.281786941580756,0.054982817869415807,0.08934707903780068,0.04467353951890034,0.10309278350515463,0.048109965635738834,0.06872852233676977,0.03436426116838488,0.037800687285223365,0.03436426116838488,0.037800687285223365,0.027491408934707903,0.07216494845360824,0.027491408934707903,0.027491408934707903,0.027491408934707903,0.037800687285223365,0.024054982817869417,0.01718213058419244,0.024054982817869417,0.030927835051546393,0.024054982817869417,0.030927835051546393,0.140893470790378,0.05154639175257732,0.030927835051546393,0.05154639175257732,0.04467353951890034,0.09278350515463918,0.07216494845360824,0.037800687285223365,0.09621993127147767,0.041237113402061855,0.05154639175257732,0.08247422680412371,0.07903780068728522,0.04467353951890034,0.03436426116838488,0.037800687285223365,0.06872852233676977,0.037800687285223365,0.1958762886597938,0.041237113402061855,0.09965635738831614,0.33333333333333337,0.14776632302405499,0.13058419243986252,0.04467353951890034,0.08934707903780068,0.10996563573883161,0.25773195876288657,0.058419243986254296,0.09965635738831614,0.14432989690721648,0.10309278350515463,0.24054982817869414,1.0,0.5738831615120275,0.21649484536082475,0.13402061855670103,0.13402061855670103,0.140893470790378,0.1718213058419244,0.140893470790378,0.281786941580756,0.7835051546391752,0.7457044673539518,0.711340206185567
ZA,0.010033444816053512,0.006688963210702342,0.0033444816053511705,0.0033444816053511705,0.0033444816053511705,0.006688963210702342,0.0,0.0033444816053511705,0.006688963210702342,0.006688963210702342,0.006688963210702342,0.010033444816053512,0.006688963210702342,0.016722408026755852,0.006688963210702342,0.006688963210702342,0.010033444816053512,0.006688963210702342,0.010033444816053512,0.013377926421404686,0.013377926421404686,0.006688963210702342,0.006688963210702342,0.020066889632107024,0.006688963210702342,0.013377926421404686,0.010033444816053512,0.006688963210702342,0.006688963210702342,0.006688963210702342,0.006688963210702342,0.016722408026755852,0.010033444816053512,0.010033444816053512,0.023411371237458192,0.010033444816053512,0.006688963210702342,0.013377926421404686,0.010033444816053512,0.023411371237458192,0.010033444816053512,0.020066889632107024,0.07357859531772576,0.03010033444816054,0.06354515050167225,0.033444816053511704,0.020066889632107024,0.03010033444816054,0.35117056856187295,0.08361204013377926,0.05016722408026756,0.03010033444816054,0.023411371237458192,0.016722408026755852,0.033444816053511704,0.010033444816053512,0.023411371237458192,0.010033444816053512,0.010033444816053512,0.006688963210702342,0.023411371237458192,0.010033444816053512,0.010033444816053512,0.013377926421404686,0.013377926421404686,0.010033444816053512,0.010033444816053512,0.010033444816053512,0.010033444816053512,0.010033444816053512,0.006688963210702342,0.010033444816053512,0.006688963210702342,0.010033444816053512,0.010033444816053512,0.006688963210702342,0.010033444816053512,0.026755852842809364,0.010033444816053512,0.010033444816053512,0.010033444816053512,0.03678929765886288,0.020066889632107024,0.006688963210702342,0.010033444816053512,0.006688963210702342,0.010033444816053512,0.010033444816053512,0.010033444816053512,0.010033444816053512,0.006688963210702342,0.010033444816053512,0.006688963210702342,0.023411371237458192,0.023411371237458192,0.010033444816053512,0.010033444816053512,0.013377926421404686,0.016722408026755852,0.020066889632107024,0.020066889632107024,0.020066889632107024,0.04347826086956522,0.053511705685618735,0.07357859531772576,0.05016722408026756,0.04347826086956522,0.03678929765886288,0.020066889632107024,0.023411371237458192,0.016722408026755852,0.016722408026755852,0.026755852842809364,0.04013377926421405,0.03678929765886288,0.04347826086956522,0.016722408026755852,0.023411371237458192,0.016722408026755852,0.04347826086956522,0.016722408026755852,0.09030100334448161,0.2408026755852843,0.12374581939799331,0.05016722408026756,0.023411371237458192,0.013377926421404686,0.016722408026755852,0.033444816053511704,0.06688963210702342,0.03678929765886288,0.033444816053511704,0.03678929765886288,0.016722408026755852,0.03010033444816054,0.020066889632107024,0.03010033444816054,0.010033444816053512,0.023411371237458192,0.013377926421404686,0.010033444816053512,0.013377926421404686,0.016722408026755852,0.010033444816053512,0.033444816053511704,0.013377926421404686,0.03010033444816054,0.016722408026755852,0.07692307692307693,0.07023411371237458,0.020066889632107024,0.04682274247491639,0.03678929765886288,0.06688963210702342,0.03678929765886288,0.020066889632107024,0.06020066889632107,0.04347826086956522,0.016722408026755852,0.033444816053511704,0.016722408026755852,0.03678929765886288,0.016722408026755852,0.06688963210702342,0.08695652173913043,0.033444816053511704,0.03678929765886288,0.026755852842809364,0.07357859531772576,0.053511705685618735,0.11705685618729098,0.07692307692307693,0.07692307692307693,0.09698996655518395,0.08695652173913043,0.15719063545150502,0.11371237458193979,0.09030100334448161,0.06354515050167225,0.09698996655518395,0.43478260869565216,1.0,0.3076923076923077,0.12709030100334448,0.1739130434782609,0.10367892976588629,0.07023411371237458,0.1739130434782609,0.14381270903010032,0.32441471571906355,0.5585284280936456,0.35785953177257523,0.23745819397993312
