date,trends_signal,wiki_signal,upload_count,total_views_of_new_videos,unique_channels,total_likes,youtube_signal,youtube_creator_signal,log_views,log_likes,youtube_audience_signal,hype_index_equal,hype_index_pca
2023-01-01,0.013745704467353952,0.00016439882172665385,0.0,0.0,0.0,0.0,0.0,0.0,0.0,0.0,0.0,0.004636701096360202,0.0037793660106807403
2023-01-08,0.01718213058419244,0.0003889136305026065,0.0,0.0,0.0,0.0,0.0,0.0,0.0,0.0,0.0,0.005857014738231682,0.005754007529065269
2023-01-15,0.010309278350515464,0.0003312513572104219,0.0,0.0,0.0,0.0,0.0,0.0,0.0,0.0,0.0,0.0035468432359086286,0.001991633220993355
2023-01-22,0.006872852233676976,0.00036192277917434986,0.0,0.0,0.0,0.0,0.0,0.0,0.0,0.0,0.0,0.0024115916709504417,0.00013886322476873436
2023-01-29,0.01718213058419244,0.0005115993183583183,0.0,0.0,0.0,0.0,0.0,0.0,0.0,0.0,0.0,0.00589790996751692,0.00581259960702675
2023-02-05,0.010309278350515464,0.0005066918908440899,0.0,0.0,0.0,0.0,0.0,0.0,0.0,0.0,0.0,0.0036053234137865178,0.0020754198924782946
2023-02-12,0.006872852233676976,0.0003472004966316645,0.0,0.0,0.0,0.0,0.0,0.0,0.0,0.0,0.0,0.0024066842434362135,0.00013183217541336278
2023-02-19,0.01718213058419244,0.00030794107651783666,0.0,0.0,0.0,0.0,0.0,0.0,0.0,0.0,0.0,0.005830023886903426,0.00571533675761067
2023-02-26,0.013745704467353952,0.0003287976434533077,0.0,0.0,0.0,0.0,0.0,0.0,0.0,0.0,0.0,0.00469150070360242,0.0038578793951491303
2023-03-05,0.01718213058419244,0.000311621647153508,0.0,0.0,0.0,0.0,0.0,0.0,0.0,0.0,0.0,0.0058312507437819835,0.00571709451994952
2023-03-12,0.006872852233676976,0.000342293069117436,0.0,0.0,0.0,0.0,0.0,0.0,0.0,0.0,0.0,0.002405048434264804,0.00012948849229491022
2023-03-19,0.010309278350515464,0.00018402853178356774,0.0,0.0,0.0,0.0,0.0,0.0,0.0,0.0,0.0,0.0034977689607663437,0.0019213227274395839
2023-03-26,0.013745704467353952,5.520855953507032e-05,0.0,0.0,0.0,0.0,0.0,0.0,0.0,0.0,0.0,0.004600304342296341,0.0037272190612950146
2023-04-02,0.01718213058419244,6.502341456352727e-05,0.0,0.0,0.0,0.0,0.0,0.0,0.0,0.0,0.0,0.005749051332918656,0.005599324443246914
2023-04-09,0.010309278350515464,4.907427514228473e-05,0.0,0.0,0.0,0.0,0.0,0.0,0.0,0.0,0.0,0.003452784208552583,0.001856871441681937
2023-04-16,0.006872852233676976,7.115769895631285e-05,0.0,0.0,0.0,0.0,0.0,0.0,0.0,0.0,0.0,0.0023146699775444296,0.0
2023-04-23,0.010309278350515464,5.7662273292184555e-05,0.0,0.0,0.0,0.0,0.0,0.0,0.0,0.0,0.0,0.0034556468746025494,0.0018609728871392395
2023-04-30,0.013745704467353952,5.2754845777956084e-05,0.0,0.0,0.0,0.0,0.0,0.0,0.0,0.0,0.0,0.004599486437710636,0.0037260472197357813
2023-05-07,0.024054982817869417,0.00024414451883286655,0.0,0.0,0.0,0.0,0.0,0.0,0.0,0.0,0.0,0.008099709112234095,0.009419704908500706
2023-05-14,0.027491408934707903,0.000155810823576754,0.0,0.0,0.0,0.0,0.0,0.0,0.0,0.0,0.0,0.00921573991942822,0.011244936628083416
2023-05-21,0.020618556701030927,0.0001337273997627259,0.016129032258064516,0.008563804287548325,0.019230769230769232,45690.0,0.013924915980344274,0.017679900744416874,0.75732528521162,0.6534354355517745,0.7053803603816973,0.011559066693712643,0.016456635493316746
2023-05-28,0.013745704467353952,0.00010428283467735505,0.0,0.0,0.0,0.0,0.0,0.0,0.0,0.0,0.0,0.004616662434010436,0.0037506558924795957
2023-06-04,0.01718213058419244,7.606512647054133e-05,0.016129032258064516,0.03493933714265731,0.019230769230769232,737846.0,0.028798747031133633,0.017679900744416874,0.8290064199936812,0.8228490266121837,0.8259277233029325,0.015352314247265538,0.024129142063310308
2023-06-11,0.013745704467353952,6.625027144208438e-05,0.0,0.0,0.0,0.0,0.0,0.0,0.0,0.0,0.0,0.004603984912932012,0.0037324923483115363
2023-06-18,0.01718213058419244,0.00017912110426933928,0.016129032258064516,0.04688737769869875,0.019230769230769232,846819.0,0.03553654973619316,0.017679900744416874,0.8440013798560774,0.8312380950136987,0.837619737434888,0.01763260047488498,0.02851239257983363
2023-06-25,0.010309278350515464,5.643541641362744e-05,0.0,0.0,0.0,0.0,0.0,0.0,0.0,0.0,0.0,0.0034552379223096973,0.0018603869663596367
2023-07-02,0.01718213058419244,6.870398519919863e-05,0.0,0.0,0.0,0.0,0.0,0.0,0.0,0.0,0.0,0.005750278189797214,0.005601082205585778
2023-07-09,0.010309278350515464,7.483826959198421e-05,0.0,0.0,0.0,0.0,0.0,0.0,0.0,0.0,0.0,0.0034613722067024827,0.0018691757780538582
2023-07-16,0.01718213058419244,8.71068383775554e-05,0.0,0.0,0.0,0.0,0.0,0.0,0.0,0.0,0.0,0.005756412474189999,0.005609871017279999
2023-07-23,0.010309278350515464,9.446797964889811e-05,0.0,0.0,0.0,0.0,0.0,0.0,0.0,0.0,0.0,0.0034679154433881203,0.0018785505105276823
2023-07-30,0.010309278350515464,7.729198334909845e-05,0.0,0.0,0.0,0.0,0.0,0.0,0.0,0.0,0.0,0.0034621901112881874,0.0018703476196130775
2023-08-06,0.024054982817869417,7.483826959198421e-05,0.0,0.0,0.0,0.0,0.0,0.0,0.0,0.0,0.0,0.008043273695820467,0.00933884784091385
2023-08-13,0.020618556701030927,0.00010919026219158352,0.0,0.0,0.0,0.0,0.0,0.0,0.0,0.0,0.0,0.006909248987740837,0.007487835607028065
2023-08-20,0.024054982817869417,8.342626774188404e-05,0.0,0.0,0.0,0.0,0.0,0.0,0.0,0.0,0.0,0.008046136361870434,0.009342949286371152
2023-08-27,0.01718213058419244,0.00011164397594869777,0.0,0.0,0.0,0.0,0.0,0.0,0.0,0.0,0.0,0.0057645915200470466,0.00562158943287229
2023-09-03,0.020618556701030927,9.814855028456945e-05,0.0,0.0,0.0,0.0,0.0,0.0,0.0,0.0,0.0,0.006905568417105166,0.007482562320011529
2023-09-10,0.010309278350515464,9.692169340601234e-05,0.0,0.0,0.0,0.0,0.0,0.0,0.0,0.0,0.0,0.0034687333479738254,0.0018797223520869155
2023-09-17,0.01718213058419244,0.00025273251698276636,0.016129032258064516,0.002937397551907251,0.019230769230769232,24185.0,0.01075204270917021,0.017679900744416874,0.7027758564110652,0.6146953162804134,0.6587355863457394,0.00939563527011514,0.012605128571409857
2023-09-24,0.01718213058419244,0.00014354225479118284,0.0,0.0,0.0,0.0,0.0,0.0,0.0,0.0,0.0,0.005775224279661207,0.00563682337314228
2023-10-01,0.030927835051546393,9.201426589178387e-05,0.0,0.0,0.0,0.0,0.0,0.0,0.0,0.0,0.0,0.010339949772479392,0.013081886763258443
2023-10-08,0.01718213058419244,0.00015213025294108265,0.0,0.0,0.0,0.0,0.0,0.0,0.0,0.0,0.0,0.005778086945711174,0.0056409248185995825
2023-10-15,0.030927835051546393,9.937540716312658e-05,0.0,0.0,0.0,0.0,0.0,0.0,0.0,0.0,0.0,0.010342403486236506,0.013085402287936143
2023-10-22,0.0859106529209622,8.71068383775554e-05,0.0,0.0,0.0,0.0,0.0,0.0,0.0,0.0,0.0,0.028665919919779917,0.042958231331579944
2023-10-29,0.027491408934707903,0.00018893595929779622,0.0,0.0,0.0,0.0,0.0,0.0,0.0,0.0,0.0,0.009226781631335232,0.011260756489133023
2023-11-05,0.12027491408934707,0.00010428283467735505,0.0,0.0,0.0,0.0,0.0,0.0,0.0,0.0,0.0,0.04012639897467481,0.061640614379644514
2023-11-12,0.048109965635738834,0.0009692169340601235,0.016129032258064516,0.017320173890142496,0.019230769230769232,350276.0,0.018862854591962706,0.017679900744416874,0.7932317681080033,0.7774778279757857,0.7853547980418945,0.022647345720587225,0.034971277868305416
2023-11-19,0.037800687285223365,0.0005336827421723464,0.0,0.0,0.0,0.0,0.0,0.0,0.0,0.0,0.0,0.012778123342465237,0.0170276542753498
2023-11-26,0.06529209621993126,0.0004171313387094202,0.0,0.0,0.0,0.0,0.0,0.0,0.0,0.0,0.0,0.02190307585288023,0.03191133592700636
2023-12-03,0.42955326460481097,0.0005717153054076171,0.016129032258064516,0.027500397648435117,0.019230769230769232,328220.0,0.024603740627209054,0.017679900744416874,0.8168011939789585,0.7735170720512141,0.7951591330150862,0.15157624017914254,0.2457576144468529
2023-12-10,0.09621993127147767,1.0,0.3064516129032258,1.0,0.34615384615384615,13529426.0,0.7367411560214163,0.326302729528536,1.0,1.0,1.0,0.6109870290976314,1.0
2023-12-17,0.058419243986254296,0.19580145039020186,0.03225806451612903,0.16956760062448922,0.038461538461538464,2376141.0,0.11381460467568398,0.03535980148883375,0.9095361095059129,0.8940713201536132,0.9018037148297631,0.12267843301738006,0.19469815722102557
2023-12-24,0.04467353951890034,0.12880647682283328,0.0,0.0,0.0,0.0,0.0,0.0,0.0,0.0,0.0,0.0578266721139112,0.08202285149863611
2023-12-31,0.041237113402061855,0.104238667829727,0.0,0.0,0.0,0.0,0.0,0.0,0.0,0.0,0.0,0.04849192707726296,0.06842236987113276
2024-01-07,0.020618556701030927,0.09732532931905763,0.0,0.0,0.0,0.0,0.0,0.0,0.0,0.0,0.0,0.03931462867336285,0.053916198183712793
2024-01-14,0.020618556701030927,0.09662111347076585,0.0,0.0,0.0,0.0,0.0,0.0,0.0,0.0,0.0,0.039079890057265594,0.053579879656213844
2024-01-21,0.01718213058419244,0.09385332435274099,0.0,0.0,0.0,0.0,0.0,0.0,0.0,0.0,0.0,0.037011818312311144,0.05039062436168763
2024-01-28,0.01718213058419244,0.09371346266858548,0.0,0.0,0.0,0.0,0.0,0.0,0.0,0.0,0.0,0.03696519775092597,0.050323829392811534
2024-02-04,0.01718213058419244,0.0894869407219562,0.0,0.0,0.0,0.0,0.0,0.0,0.0,0.0,0.0,0.035556357102049546,0.0483053323070382
2024-02-11,0.01718213058419244,0.07627123842613893,0.016129032258064516,0.04950124675218964,0.019230769230769232,728304.0,0.03701057670293099,0.017679900744416874,0.8467670022492157,0.8220563183195129,0.8344116602843643,0.04348798190442079,0.0658005262391583
2024-02-18,0.010309278350515464,0.06954315530413169,0.0,0.0,0.0,0.0,0.0,0.0,0.0,0.0,0.0,0.026617477884882387,0.03504576808218837
2024-02-25,0.01718213058419244,0.07345314817609323,0.0,0.0,0.0,0.0,0.0,0.0,0.0,0.0,0.0,0.030211759586761894,0.04064793363825107
2024-03-03,0.020618556701030927,0.0769042965754744,0.0,0.0,0.0,0.0,0.0,0.0,0.0,0.0,0.0,0.03250761775883511,0.04416354680702277
2024-03-10,0.01718213058419244,0.07111966639307758,0.016129032258064516,0.00236690047988996,0.019230769230769232,24522.0,0.010430324959967978,0.017679900744416874,0.691767146140196,0.6155380191475166,0.6536525826438563,0.03291070731241267,0.046242728411531084
2024-03-17,0.01718213058419244,0.06600244635261585,0.0,0.0,0.0,0.0,0.0,0.0,0.0,0.0,0.0,0.027728192312269428,0.03708963674364976
2024-03-24,0.01718213058419244,0.07074056761760344,0.0,0.0,0.0,0.0,0.0,0.0,0.0,0.0,0.0,0.029307566067265294,0.039352462794522515
2024-03-31,0.010309278350515464,0.06286169274350963,0.0,0.0,0.0,0.0,0.0,0.0,0.0,0.0,0.0,0.024390323698008365,0.03185484351640563
2024-04-07,0.013745704467353952,0.06348125546718097,0.0,0.0,0.0,0.0,0.0,0.0,0.0,0.0,0.0,0.025742319978178312,0.03401815152582615
2024-04-14,0.013745704467353952,0.05451170482804988,0.016129032258064516,0.005433199637121093,0.019230769230769232,115271.0,0.01215948872194291,0.017679900744416874,0.7341286419614242,0.709791825815959,0.7219602338886917,0.026805632672448912,0.03755597039963374
2024-04-21,0.013745704467353952,0.054588996811398977,0.0,0.0,0.0,0.0,0.0,0.0,0.0,0.0,0.0,0.02277823375958431,0.029771397715177346
2024-04-28,0.01718213058419244,0.052460400127102375,0.016129032258064516,0.0125795978765177,0.019230769230769232,109715.0,0.016189523702406037,0.017679900744416874,0.776928643396536,0.7067834087675485,0.7418560260820423,0.02861068480456695,0.0410360139312698
2024-05-05,0.01718213058419244,0.05511409155542142,0.0,0.0,0.0,0.0,0.0,0.0,0.0,0.0,0.0,0.024098740713204624,0.03188958982456752
2024-05-12,0.027491408934707903,0.04639236600575887,0.0,0.0,0.0,0.0,0.0,0.0,0.0,0.0,0.0,0.02462792498015559,0.03332653304943018
2024-05-19,0.030927835051546393,0.06030737672235371,0.0,0.0,0.0,0.0,0.0,0.0,0.0,0.0,0.0,0.030411737257966698,0.04183946454753739
2024-05-26,0.024054982817869417,0.04267253594997369,0.0,0.0,0.0,0.0,0.0,0.0,0.0,0.0,0.0,0.022242506255947703,0.029682603229922812
2024-06-02,0.01718213058419244,0.04564275645296047,0.0,0.0,0.0,0.0,0.0,0.0,0.0,0.0,0.0,0.020941629012384305,0.027366281405940496
2024-06-09,0.01718213058419244,0.04357182204195605,0.0,0.0,0.0,0.0,0.0,0.0,0.0,0.0,0.0,0.020251317542049497,0.026377247129950543
2024-06-16,0.010309278350515464,0.040040927945468666,0.016129032258064516,0.24682924301415207,0.019230769230769232,2425644.0,0.14828883197513507,0.017679900744416874,0.9286762365143455,0.895327034536142,0.9120016355252438,0.06621301275703974,0.116341636549225
2024-06-23,0.01718213058419244,0.039612754894852234,0.0,0.0,0.0,0.0,0.0,0.0,0.0,0.0,0.0,0.018931628493014892,0.02448648077413325
2024-06-30,0.01718213058419244,0.03683883149243459,0.0,0.0,0.0,0.0,0.0,0.0,0.0,0.0,0.0,0.018006987358875678,0.023161713891423963
2024-07-07,0.01718213058419244,0.04034273473759372,0.0,0.0,0.0,0.0,0.0,0.0,0.0,0.0,0.0,0.019174955107262054,0.02483510363800412
2024-07-14,0.020618556701030927,0.04308844043180455,0.0,0.0,0.0,0.0,0.0,0.0,0.0,0.0,0.0,0.02123566571094516,0.028013812358497266
2024-07-21,0.030927835051546393,0.04353256262184223,0.0,0.0,0.0,0.0,0.0,0.0,0.0,0.0,0.0,0.024820132557796207,0.03382816972786285
2024-07-28,0.01718213058419244,0.04859825467340457,0.0,0.0,0.0,0.0,0.0,0.0,0.0,0.0,0.0,0.02192679508586567,0.028777764564032783
2024-08-04,0.020618556701030927,0.04496430459911838,0.0,0.0,0.0,0.0,0.0,0.0,0.0,0.0,0.0,0.02186095376671644,0.028909685230528448
2024-08-11,0.020618556701030927,0.048144317628338436,0.0,0.0,0.0,0.0,0.0,0.0,0.0,0.0,0.0,0.02292095810978979,0.03042839189129027
2024-08-18,0.020618556701030927,0.05507360527842904,0.0,0.0,0.0,0.0,0.0,0.0,0.0,0.0,0.0,0.02523072065981999,0.03373767245455523
2024-08-25,0.01718213058419244,0.05947434090181342,0.0,0.0,0.0,0.0,0.0,0.0,0.0,0.0,0.0,0.025552157162001956,0.03397195227531888
2024-09-01,0.020618556701030927,0.054946012163059096,0.0,0.0,0.0,0.0,0.0,0.0,0.0,0.0,0.0,0.02518818962136334,0.033676736693475276
2024-09-08,0.027491408934707903,0.06790162080062227,0.0,0.0,0.0,0.0,0.0,0.0,0.0,0.0,0.0,0.031797676578443394,0.04359889615763862
2024-09-15,0.01718213058419244,0.06537797620143028,0.0,0.0,0.0,0.0,0.0,0.0,0.0,0.0,0.0,0.027520035595207576,0.03679140306682578
2024-09-22,0.01718213058419244,0.0556784457195577,0.0,0.0,0.0,0.0,0.0,0.0,0.0,0.0,0.0,0.024286858767916714,0.03215911338319038
2024-09-29,0.01718213058419244,0.05520610582131321,0.0,0.0,0.0,0.0,0.0,0.0,0.0,0.0,0.0,0.02412941213516855,0.03193353388303864
2024-10-06,0.010309278350515464,0.05671023235442423,0.0,0.0,0.0,0.0,0.0,0.0,0.0,0.0,0.0,0.022339836901646565,0.028917036727416516
2024-10-13,0.01718213058419244,0.06298928585887957,0.016129032258064516,0.005351771845199961,0.019230769230769232,138792.0,0.012113569527569586,0.017679900744416874,0.7333588204556499,0.7211002783658249,0.7272295494107375,0.03076166199021387,0.043442563878841774
2024-10-20,0.01718213058419244,0.07052954823449162,0.0,0.0,0.0,0.0,0.0,0.0,0.0,0.0,0.0,0.029237226272894684,0.039251684420428756
2024-10-27,0.020618556701030927,0.07508732153833131,0.0,0.0,0.0,0.0,0.0,0.0,0.0,0.0,0.0,0.031901959413120747,0.0432957981324131
2024-11-03,0.027491408934707903,0.07466282905835055,0.0,0.0,0.0,0.0,0.0,0.0,0.0,0.0,0.0,0.03405141266435282,0.04682790557409634
2024-11-10,0.024054982817869417,0.07487507529834092,0.0,0.0,0.0,0.0,0.0,0.0,0.0,0.0,0.0,0.032976686038736776,0.045061851853254724
2024-11-17,0.027491408934707903,0.07626387728486758,0.0,0.0,0.0,0.0,0.0,0.0,0.0,0.0,0.0,0.034585095406525164,0.047592532191493786
2024-11-24,0.048109965635738834,0.08717186179211893,0.0,0.0,0.0,0.0,0.0,0.0,0.0,0.0,0.0,0.04509394247595259,0.06400646193733986
2024-12-01,0.03436426116838488,0.08688477728253656,0.0,0.0,0.0,0.0,0.0,0.0,0.0,0.0,0.0,0.04041634615030715,0.056399684412049976
2024-12-08,0.030927835051546393,0.09500166239107045,0.016129032258064516,0.008467218901971565,0.019230769230769232,84017.0,0.013870449034977299,0.017679900744416874,0.7567470513069486,0.6905313984256191,0.7236392248662838,0.04659998215919805,0.06733076435460283
2024-12-15,0.027491408934707903,0.11029443338228494,0.0,0.0,0.0,0.0,0.0,0.0,0.0,0.0,0.0,0.04592861410566428,0.06384480277645191
2024-12-22,0.054982817869415807,0.09170264424463036,0.0,0.0,0.0,0.0,0.0,0.0,0.0,0.0,0.0,0.048895154038015386,0.06990510340788768
2024-12-29,0.08934707903780068,0.11819293796643567,0.0,0.0,0.0,0.0,0.0,0.0,0.0,0.0,0.0,0.06918000566807879,0.10123048503848259
2025-01-05,0.061855670103092786,0.16458407711531597,0.0,0.0,0.0,0.0,0.0,0.0,0.0,0.0,0.0,0.07547991573946959,0.10844656335234086
2025-01-12,0.048109965635738834,0.11988600045884448,0.0,0.0,0.0,0.0,0.0,0.0,0.0,0.0,0.0,0.0559986553648611,0.07963003952577119
2025-01-19,0.03436426116838488,0.10380190678096066,0.0,0.0,0.0,0.0,0.0,0.0,0.0,0.0,0.0,0.046055389316448515,0.06447894604215984
2025-01-26,0.058419243986254296,0.11053980475799635,0.0,0.0,0.0,0.0,0.0,0.0,0.0,0.0,0.0,0.05631968291475022,0.08076874907380986
2025-02-02,0.061855670103092786,0.09539916401972295,0.0,0.0,0.0,0.0,0.0,0.0,0.0,0.0,0.0,0.05241827804093858,0.07540531874829737
2025-02-09,0.037800687285223365,0.09817676799277628,0.0,0.0,0.0,0.0,0.0,0.0,0.0,0.0,0.0,0.045325818425999885,0.06365991728334053
2025-02-16,0.03436426116838488,0.09063282504652856,0.04838709677419355,0.03789313650052146,0.057692307692307696,213849.0,0.0486556089615541,0.05303970223325062,0.8331437727150379,0.7474267873774565,0.7902852800462472,0.05788423172548918,0.0894869709979559
2025-02-23,0.05154639175257732,0.09630090382546244,0.016129032258064516,0.0007223515183831096,0.019230769230769232,13134.0,0.009502922145299691,0.017679900744416874,0.6312631750527191,0.577516297424789,0.604389736238754,0.052450072574446484,0.07634638875063285
2025-03-02,0.058419243986254296,0.12678707040072829,0.0,0.0,0.0,0.0,0.0,0.0,0.0,0.0,0.0,0.0617354381289942,0.08852809795825001
2025-03-09,0.041237113402061855,0.129873842307178,0.016129032258064516,0.008298587266862088,0.019230769230769232,19057.0,0.01377535338461773,0.017679900744416874,0.7557214998102664,0.600183652935521,0.6779525763728937,0.06162876969795252,0.08952606118893892
2025-03-16,0.048109965635738834,0.11288923568043324,0.0,0.0,0.0,0.0,0.0,0.0,0.0,0.0,0.0,0.053666400438724025,0.07628853331962741
2025-03-23,0.030927835051546393,0.13031305706970142,0.0,0.0,0.0,0.0,0.0,0.0,0.0,0.0,0.0,0.053746964040415936,0.07527269015314322
2025-03-30,0.03436426116838488,0.11914129833356031,0.016129032258064516,0.018591734643797063,0.019230769230769232,42053.0,0.01957991990869275,0.017679900744416874,0.7968434419278495,0.6483839783325694,0.7226137101302095,0.05769515980354598,0.08439932726652372
2025-04-06,0.03436426116838488,0.1524983100046498,0.016129032258064516,0.0016500343938423807,0.019230769230769232,8948.0,0.01002606601632935,0.017679900744416874,0.6733744089404712,0.5541466382646005,0.6137605236025359,0.065629545729788,0.09418449366230622
2025-04-13,0.027491408934707903,0.12141098355889098,0.0,0.0,0.0,0.0,0.0,0.0,0.0,0.0,0.0,0.04963413083119963,0.0691538309605425
2025-04-20,0.04467353951890034,0.12065401286482123,0.0,0.0,0.0,0.0,0.0,0.0,0.0,0.0,0.0,0.05510918412790719,0.07812940791809511
2025-04-27,0.10652920962199314,0.12329175515371904,0.016129032258064516,0.01072430175305154,0.019230769230769232,53649.0,0.015143275225030731,0.017679900744416874,0.7687941037185642,0.6632147555252315,0.7160044296218978,0.0816547466669143,0.12274344236839757
2025-05-04,0.27147766323024053,0.2549371787935335,0.11290322580645161,0.1482851009742461,0.13461538461538464,1560295.0,0.14729071318921064,0.12375930521091813,0.90269895529812,0.8684566463522514,0.8855778008251858,0.2245685184043282,0.3602532582458874
2025-05-11,0.15120274914089346,0.5265326202841155,0.7903225806451613,0.9829618384829707,0.9038461538461539,10099531.0,0.9999999999999999,0.8470843672456576,0.9991239125989794,0.982194197291644,0.9906590549453117,0.5592451231416696,0.9730996957505899
2025-05-18,0.07903780068728522,0.1986354897796688,0.11290322580645161,0.05980618538682158,0.13461538461538464,420988.0,0.09739521158043499,0.12375930521091813,0.856407860164057,0.7886762570841858,0.8225420586241214,0.1250228340157963,0.19669451006931465
2025-05-25,0.058419243986254296,0.09813137428826967,0.0967741935483871,0.29772940518496505,0.11538461538461539,2871036.0,0.22247057182587612,0.10607940446650124,0.9382343561244547,0.9055932917289536,0.9219138239267042,0.12634039670013336,0.21794501274181502
2025-06-01,0.027491408934707903,0.09767007610193218,0.016129032258064516,0.023253776945695415,0.019230769230769232,40227.0,0.022208963649002912,0.017679900744416874,0.8082502005563371,0.6456805547504123,0.7269653776533747,0.049123482895214336,0.07210140126232287
2025-06-08,0.037800687285223365,0.08920353678300952,0.03225806451612903,0.02166540825641967,0.038461538461538464,134692.0,0.030408812140277627,0.03535980148883375,0.8046433440029184,0.719274163252381,0.7619587536276498,0.052471012069503505,0.07893469745594002
2025-06-15,0.03436426116838488,0.07958620571200026,0.03225806451612903,0.00015589586588454573,0.038461538461538464,1348.0,0.018279053282355292,0.03535980148883375,0.5530953742368855,0.4389130999482735,0.49600423709257946,0.044076506720913476,0.06467188423251512
2025-06-22,0.027491408934707903,0.07062401621414051,0.03225806451612903,0.010118270462074839,0.038461538461538464,102108.0,0.023897088657125275,0.03535980148883375,0.7658286276937303,0.7024074839047219,0.7341180557992261,0.04067083793532456,0.06027064945058095
2025-06-29,0.06872852233676977,0.0667876347548924,0.016129032258064516,0.004496543902146087,0.019230769230769232,8998.0,0.011631284828156074,0.017679900744416874,0.7244822887931353,0.5544859523760185,0.6394841205845769,0.04904914730660607,0.07295761939692572
2025-07-06,0.04467353951890034,0.051210232967852674,0.03225806451612903,0.011196602926245657,0.038461538461538464,74379.0,0.024505187647078056,0.03535980148883375,0.7709912350655612,0.6831111078750663,0.7270511714703138,0.040129653377943685,0.06072728351539605
2025-07-13,0.037800687285223365,0.04827927188497972,0.0,0.0,0.0,0.0,0.0,0.0,0.0,0.0,0.0,0.02869331972340103,0.039829933255622896
2025-07-20,0.027491408934707903,0.05127157581178053,0.0,0.0,0.0,0.0,0.0,0.0,0.0,0.0,0.0,0.026254328248829478,0.03565673998995864
2025-07-27,0.04467353951890034,0.05078696734475047,0.0,0.0,0.0,0.0,0.0,0.0,0.0,0.0,0.0,0.03182016895455027,0.04476239136058575
2025-08-03,0.04467353951890034,0.06483570546110803,0.016129032258064516,0.02278306812206448,0.019230769230769232,350244.0,0.021943519020632258,0.017679900744416874,0.8072076665328092,0.7774722641303822,0.7923399653315957,0.04381758800021354,0.0655867485603582
2025-08-10,0.041237113402061855,0.07198091992182469,0.016129032258064516,0.01003445717308947,0.019230769230769232,136924.0,0.014754254393109564,0.017679900744416874,0.7654045847944423,0.7202750669033221,0.7428398258488822,0.042657429238998706,0.06250730102678553
2025-08-17,0.027491408934707903,0.05789782981286753,0.016129032258064516,0.008014204533087417,0.019230769230769232,27406.0,0.01361498275782652,0.017679900744416874,0.7539438461733875,0.6223093008384176,0.6881265735059026,0.03300140716846731,0.04757901773319487
2025-08-24,0.024054982817869417,0.05972584656191763,0.016129032258064516,0.01928021392023633,0.019230769230769232,63269.0,0.019968170811375228,0.017679900744416874,0.7986971842901998,0.6732589711704762,0.735978077730338,0.03458300006372076,0.05067125481029455
2025-08-31,0.041237113402061855,0.05965714257671843,0.016129032258064516,0.002092907372922982,0.019230769230769232,4070.0,0.010275813306895601,0.017679900744416874,0.685495254206111,0.5061786108829769,0.595836932544544,0.03705668976189196,0.05374100839642275
2025-09-07,0.04467353951890034,0.06937016848425513,0.016129032258064516,0.00988809118633972,0.019230769230769232,0.0,0.014671714905833341,0.017679900744416874,0.7646554993974952,0.0,0.3823277496987476,0.042905140969662935,0.06307478681393443
2025-09-14,0.048109965635738834,0.058967649010969334,0.08064516129032258,0.0730636246759667,0.09615384615384616,43216.0,0.08668027774239567,0.08839950372208437,0.8666151197691327,0.6500452939367226,0.7583302068529276,0.06458596412970129,0.10629306624568696
2025-09-21,0.03436426116838488,0.062172199177760526,0.03225806451612903,0.006687229409177949,0.038461538461538464,53991.0,0.0219622377015274,0.03535980148883375,0.7447156910723017,0.6636017392170966,0.7041587151446992,0.039499566015890934,0.05872450112985786
2025-09-28,0.037800687285223365,0.061439765621261924,0.0,0.0,0.0,0.0,0.0,0.0,0.0,0.0,0.0,0.03308015096882843,0.046115105458551936
2025-10-05,0.027491408934707903,0.05960561458781903,0.03225806451612903,0.019466303882210597,0.038461538461538464,1115.0,0.02916868148188595,0.03535980148883375,0.7991868750556492,0.42736569724410983,0.6132762861498795,0.03875523500147096,0.05839940130692102
2025-10-12,0.037800687285223365,0.06022517731149038,0.03225806451612903,0.00015639233989283874,0.038461538461538464,590.0,0.018279333256623908,0.03535980148883375,0.5532574661149295,0.38865220726679117,0.47095483669086036,0.038768399284445886,0.057293066516148176
2025-10-19,0.030927835051546393,0.07604304304672731,0.0,0.0,0.0,0.0,0.0,0.0,0.0,0.0,0.0,0.035656959366091236,0.0493544844668781
2025-10-26,0.041237113402061855,0.08667621161318184,0.04838709677419355,0.04851906979975914,0.057692307692307696,394648.0,0.05464784189645019,0.05303970223325062,0.8457453184179385,0.7847415154968724,0.8152434169574054,0.06085372230389796,0.09518666439584413
2025-11-02,0.12371134020618557,0.07592649164326437,0.03225806451612903,0.0005285177727916853,0.038461538461538464,5123.0,0.018489184213912418,0.03535980148883375,0.615335347231548,0.5201884418035715,0.5677618945175598,0.07270900535445411,0.11161211585533276
2025-11-09,0.058419243986254296,0.2610849586119832,0.25806451612903225,0.02714767102922616,0.2884615384615385,390360.0,0.16083837656369204,0.2732630272952854,0.8161430850633353,0.7840761952170267,0.800109640140181,0.16011419305397653,0.2561238073010885
2025-11-16,0.03436426116838488,0.10420799640776307,0.06451612903225806,0.03986310903806169,0.07692307692307693,605609.0,0.05886209620092401,0.0707196029776675,0.8357274970514394,0.8108212720915244,0.8232743845714819,0.06581145125902398,0.10253541884747522
2025-11-23,0.041237113402061855,0.07266673291693812,0.03225806451612903,0.00022039813231563912,0.038461538461538464,1916.0,0.018315427744193064,0.03535980148883375,0.5707467151163295,0.4603132098818628,0.5155299624990961,0.04407309135439768,0.06512552462411551
2025-11-30,0.03436426116838488,0.06525651737045313,0.016129032258064516,0.007188304883889291,0.019230769230769232,54227.0,0.013149237026183426,0.017679900744416874,0.7483992744822281,0.6638673538618564,0.7061333141720423,0.03759000518834048,0.054528619697046254
2025-12-07,0.037800687285223365,0.06500010428283469,0.0,0.0,0.0,0.0,0.0,0.0,0.0,0.0,0.0,0.034266930522686014,0.04781544756099437
2025-12-14,0.041237113402061855,0.07021792658733811,0.0,0.0,0.0,0.0,0.0,0.0,0.0,0.0,0.0,0.03715167999646665,0.05217478665241154
2025-12-21,0.07216494845360824,0.05729912365613165,0.0,0.0,0.0,0.0,0.0,0.0,0.0,0.0,0.0,0.04315469070324663,0.06281180298450162
2025-12-28,0.0859106529209622,0.07009156032884672,0.0,0.0,0.0,0.0,0.0,0.0,0.0,0.0,0.0,0.052000737749936306,0.07639087101640618
2026-01-04,0.2027491408934708,0.10751928312298872,0.0,0.0,0.0,0.0,0.0,0.0,0.0,0.0,0.0,0.10342280800548649,0.15775776877442788
2026-01-11,0.048109965635738834,0.09102664610454539,0.0,0.0,0.0,0.0,0.0,0.0,0.0,0.0,0.0,0.04637887058009474,0.06584742502688987
2026-01-18,0.061855670103092786,0.07477692674805636,0.0,0.0,0.0,0.0,0.0,0.0,0.0,0.0,0.0,0.04554419895038305,0.06555657636375051
2026-01-25,0.054982817869415807,0.08512914508932132,0.0,0.0,0.0,0.0,0.0,0.0,0.0,0.0,0.0,0.04670398765291237,0.06676573987071105
2026-02-01,0.12714776632302405,0.07981808166204755,0.016129032258064516,0.0067405640377029875,0.019230769230769232,132625.0,0.0128967446220566,0.017679900744416874,0.7451206724787136,0.7183323470469603,0.7317265097628369,0.07328753086904273,0.1117407863048391
2026-02-08,0.05154639175257732,0.09246206865245722,0.03225806451612903,0.0030341615470357752,0.038461538461538464,28935.0,0.019902180204412374,0.03535980148883375,0.7044281682145185,0.6256154391375471,0.6650218036760328,0.05463688020314897,0.0812022752127106
2026-02-15,0.05154639175257732,0.0789985412671714,0.0,0.0,0.0,0.0,0.0,0.0,0.0,0.0,0.0,0.04351497767324958,0.061970475719260384
2026-02-22,0.09621993127147767,0.07865747505493252,0.0,0.0,0.0,0.0,0.0,0.0,0.0,0.0,0.0,0.05829246877547006,0.08608402394682242
2026-03-01,0.058419243986254296,0.08033949583543433,0.0,0.0,0.0,0.0,0.0,0.0,0.0,0.0,0.0,0.04625291327389621,0.06634572316280947
2026-03-08,0.041237113402061855,0.07731406677291248,0.0,0.0,0.0,0.0,0.0,0.0,0.0,0.0,0.0,0.03951706005832478,0.05556375244170414
2026-03-15,0.05154639175257732,0.07610070532001949,0.016129032258064516,5.878978805518532e-06,0.019230769230769232,45.0,0.009098885132483745,0.017679900744416874,0.38601867957317054,0.23316402815750573,0.30959135386533815,0.045581994068360186,0.06643930980891515
2026-03-22,0.054982817869415807,0.08452430464819266,0.0,0.0,0.0,0.0,0.0,0.0,0.0,0.0,0.0,0.04650237417253616,0.06647688092636089
2026-03-29,0.06529209621993126,0.09210137273016142,0.0,0.0,0.0,0.0,0.0,0.0,0.0,0.0,0.0,0.05246448965003089,0.0756977817084075
2026-04-05,0.12027491408934707,0.09249028636066403,0.04838709677419355,0.0003615148146118525,0.057692307692307696,1858.0,0.027490576843151617,0.05303970223325062,0.595974698369885,0.4584421959514234,0.5272084471606542,0.0800852590977209,0.1234452820488841
2026-04-12,0.07216494845360824,0.0918106076499434,0.0,0.0,0.0,0.0,0.0,0.0,0.0,0.0,0.0,0.05465851870118388,0.07929375451506879
2026-04-19,0.06529209621993126,0.08118357336788162,0.03225806451612903,0.0011425986027199183,0.038461538461538464,11730.0,0.018835479948146727,0.03535980148883375,0.6546398225923004,0.5706318325829361,0.6126358275876183,0.055103716511986534,0.08259943185737448
2026-04-26,0.41237113402061853,0.07040440883287878,0.0,0.0,0.0,0.0,0.0,0.0,0.0,0.0,0.0,0.16092518095116579,0.2539449923081327
2026-05-03,0.14776632302405499,0.09661865975700873,0.0,0.0,0.0,0.0,0.0,0.0,0.0,0.0,0.0,0.08146166092702124,0.12267317439610953
2026-05-10,0.16151202749140892,0.09692660083352657,0.016129032258064516,0.0008701039996194345,0.019230769230769232,11403.0,0.009586243511935827,0.017679900744416874,0.6407505286843305,0.568910146268674,0.6048303374765023,0.08934162394562377,0.13645618059778106
2026-05-17,0.40893470790378006,0.11012635398992261,0.016129032258064516,0.0014497434588626088,0.019230769230769232,7625.0,0.009913116884865007,0.017679900744416874,0.6667771467803423,0.5444039675303561,0.6055905571553493,0.17632472625952256,0.2774244578601732
2026-05-24,0.15463917525773196,0.12354571452758037,0.03225806451612903,0.001404652115243557,0.038461538461538464,22629.0,0.018983258561490933,0.03535980148883375,0.665166343150691,0.6106456229579202,0.6379059830543057,0.09905604944893441,0.1514786161770312
2026-05-31,0.07560137457044673,0.11171636050453262,0.016129032258064516,0.0028405457656431135,0.019230769230769232,14406.0,0.010697425533707882,0.017679900744416874,0.7010666167689691,0.5831455087875329,0.642106062778251,0.06600505353622908,0.09754876340435034
2026-06-07,0.22336769759450173,0.087409872026559,0.0,0.0,0.0,0.0,0.0,0.0,0.0,0.0,0.0,0.10359252320702024,0.15935844937005003
2026-06-14,0.281786941580756,0.07776309639046439,0.016129032258064516,0.000334895936837947,0.019230769230769232,2467.0,0.009284426128887578,0.017679900744416874,0.5920756331141414,0.47569937501042725,0.5338875040622844,0.12294482136670266,0.19246958715543272
2026-06-21,1.0,0.19749819345324635,0.5967741935483871,0.08830116578333345,0.6346153846153847,1740207.0,0.3863313476066916,0.6156947890818859,0.876271855198168,0.8751026018712466,0.8756872285347073,0.5279431803533127,0.8824750540445742
2026-06-28,0.49828178694158076,0.36688786896187053,0.6612903225806451,0.17060180744753273,0.7692307692307693,1674945.0,0.46912504336850425,0.7152605459057072,0.9098460953405494,0.8727747796263605,0.891310437483455,0.44476489975731853,0.743985260899919
2026-07-05,0.22336769759450173,0.17035521187204866,0.03225806451612903,0.0024161391978465814,0.038461538461538464,23027.0,0.019553661747630888,0.03535980148883375,0.6928167995456338,0.6117073772939582,0.652262088419796,0.13775885707139376,0.21154910482065695
2026-07-12,0.18556701030927836,0.08501013997210129,0.04838709677419355,0.0019300457345196424,0.057692307692307696,10949.0,0.02837511115867839,0.05303970223325062,0.6813653595910368,0.5664361036092109,0.6239007316001239,0.09965075381335269,0.15592283438341245
2026-07-19,0.11683848797250859,0.07159814057571487,0.0,0.0,0.0,0.0,0.0,0.0,0.0,0.0,0.0,0.06281220951607448,0.09391714387520826
2026-07-26,0.18900343642611683,0.06328127779597616,0.03225806451612903,0.005729113282466423,0.038461538461538464,24713.0,0.021421931749263632,0.03535980148883375,0.7368322311822373,0.6160105071840976,0.6764213691831674,0.09123554865711887,0.14294043710264354
2026-08-02,0.26116838487972505,0.06281139161148878,0.0,0.0,0.0,0.0,0.0,0.0,0.0,0.0,0.0,0.10799325883040461,0.1681523359116362
2026-08-09,0.140893470790378,0.08193440977755859,0.0967741935483871,0.031040678119559163,0.11538461538461539,380901.0,0.07207804359482771,0.10607940446650124,0.8229747526585365,0.7825823301951872,0.8027785414268618,0.09830197472092143,0.15828902915519394
2026-08-16,0.3676975945017182,0.0763693869764235,0.03225806451612903,0.00012774215687768562,0.038461538461538464,1009.0,0.018263176692732568,0.03535980148883375,0.5429417141969043,0.4212878508486263,0.4821147825227653,0.15411005272362474,0.24426493499410012
2026-08-23,0.8522336769759451,0.16752485305321738,0.12903225806451613,0.006764636972544122,0.15384615384615385,125082.0,0.07657930875173836,0.141439205955335,0.7453024150326604,0.7147663133501473,0.7300343641914038,0.3654459462603003,0.588616135461967
2026-08-30,0.45704467353951894,0.40828938118565905,1.0,0.39848648324385993,1.0,3991475.0,0.7886419505853728,1.0,0.9530943920868635,0.9256590786311616,0.9393767353590126,0.5513253351035169,0.9468752075894548
2026-09-06,0.35051546391752575,0.21616114028985722,0.6774193548387096,0.059632119783145726,0.6923076923076923,442741.0,0.4156419955374335,0.684863523573201,0.8562592672883541,0.7917444266241469,0.8240018469562504,0.3274395332482722,0.5572998961223099
2026-09-13,0.0,0.0,0.03225806451612903,2.388827072829389e-05,0.038461538461538464,548.0,0.018204610855786653,0.03535980148883375,0.45747284547304484,0.38416281137878444,0.42081782842591464,0.006068203618595551,0.007941138656296892
