date,trends_signal,wiki_signal,upload_count,total_views_of_new_videos,unique_channels,total_likes,youtube_signal,youtube_creator_signal,log_views,log_likes,youtube_audience_signal,hype_index_equal,hype_index_pca,z_score,is_spike
2023-01-01,0.0137457044673539,0.0001643988217266,0.0,0.0,0.0,0.0,0.0,0.0,0.0,0.0,0.0,0.0046367010963602,0.0037793660106807,,False
2023-01-08,0.0171821305841924,0.0003889136305026,0.0,0.0,0.0,0.0,0.0,0.0,0.0,0.0,0.0,0.0058570147382316,0.0057540075290652,,False
2023-01-15,0.0103092783505154,0.0003312513572104,0.0,0.0,0.0,0.0,0.0,0.0,0.0,0.0,0.0,0.0035468432359086,0.0019916332209933,-0.9806555490001504,False
2023-01-22,0.0068728522336769,0.0003619227791743,0.0,0.0,0.0,0.0,0.0,0.0,0.0,0.0,0.0,0.0024115916709504,0.0001388632247687,-1.1531430167318544,False
2023-01-29,0.0171821305841924,0.0005115993183583,0.0,0.0,0.0,0.0,0.0,0.0,0.0,0.0,0.0,0.0058979099675169,0.0058125996070267,0.9477400709972373,False
2023-02-05,0.0103092783505154,0.000506691890844,0.0,0.0,0.0,0.0,0.0,0.0,0.0,0.0,0.0,0.0036053234137865,0.0020754198924782,-0.5172656497100379,False
2023-02-12,0.0068728522336769,0.0003472004966316,0.0,0.0,0.0,0.0,0.0,0.0,0.0,0.0,0.0,0.0024066842434362,0.0001318321754133,-1.12364938911184,False
2023-02-19,0.0171821305841924,0.0003079410765178,0.0,0.0,0.0,0.0,0.0,0.0,0.0,0.0,0.0,0.0058300238869034,0.0057153367576106,1.0414126928316623,False
2023-02-26,0.0137457044673539,0.0003287976434533,0.0,0.0,0.0,0.0,0.0,0.0,0.0,0.0,0.0,0.0046915007036024,0.0038578793951491,0.2744619739466351,False
2023-03-05,0.0171821305841924,0.0003116216471535,0.0,0.0,0.0,0.0,0.0,0.0,0.0,0.0,0.0,0.0058312507437819,0.0057170945199495,1.0410798041981983,False
2023-03-12,0.0068728522336769,0.0003422930691174,0.0,0.0,0.0,0.0,0.0,0.0,0.0,0.0,0.0,0.0024050484342648,0.0001294884922949,-1.0670181064084283,False
2023-03-19,0.0103092783505154,0.0001840285317835,0.0,0.0,0.0,0.0,0.0,0.0,0.0,0.0,0.0,0.0034977689607663,0.0019213227274395,-0.5163126618675189,False
2023-03-26,0.0137457044673539,5.520855953507032e-05,0.0,0.0,0.0,0.0,0.0,0.0,0.0,0.0,0.0,0.0046003043422963,0.003727219061295,0.36176682835724105,False
2023-04-02,0.0171821305841924,6.502341456352727e-05,0.0,0.0,0.0,0.0,0.0,0.0,0.0,0.0,0.0,0.0057490513329186,0.0055993244432469,0.943938268365447,False
2023-04-09,0.0103092783505154,4.907427514228473e-05,0.0,0.0,0.0,0.0,0.0,0.0,0.0,0.0,0.0,0.0034527842085525,0.0018568714416819,-0.8177795694711191,False
2023-04-16,0.0068728522336769,7.115769895631285e-05,0.0,0.0,0.0,0.0,0.0,0.0,0.0,0.0,0.0,0.0023146699775444,0.0,-1.2790702624704187,False
2023-04-23,0.0103092783505154,5.766227329218456e-05,0.0,0.0,0.0,0.0,0.0,0.0,0.0,0.0,0.0,0.0034556468746025,0.0018609728871392,-0.3365481511004858,False
2023-04-30,0.0137457044673539,5.275484577795608e-05,0.0,0.0,0.0,0.0,0.0,0.0,0.0,0.0,0.0,0.0045994864377106,0.0037260472197357,0.7193649282655904,False
2023-05-07,0.0240549828178694,0.0002441445188328,0.0,0.0,0.0,0.0,0.0,0.0,0.0,0.0,0.0,0.008099709112234,0.0094197049085007,2.0239513873426205,True
2023-05-14,0.0274914089347079,0.0001558108235767,0.0,0.0,0.0,0.0,0.0,0.0,0.0,0.0,0.0,0.0092157399194282,0.0112449366280834,1.6863144265263355,True
2023-05-21,0.0206185567010309,0.0001337273997627,0.0161290322580645,0.0085638042875483,0.0192307692307692,45690.0,0.0139249159803442,0.0176799007444168,0.75732528521162,0.6534354355517745,0.7053803603816973,0.0115590666937126,0.0164566354933167,1.6903674735350607,True
2023-05-28,0.0137457044673539,0.0001042828346773,0.0,0.0,0.0,0.0,0.0,0.0,0.0,0.0,0.0,0.0046166624340104,0.0037506558924795,-0.39376063827839863,False
2023-06-04,0.0171821305841924,7.606512647054133e-05,0.0161290322580645,0.0349393371426573,0.0192307692307692,737846.0,0.0287987470311336,0.0176799007444168,0.8290064199936812,0.8228490266121837,0.8259277233029325,0.0153523142472655,0.0241291420633103,1.769422634991845,True
2023-06-11,0.0137457044673539,6.625027144208438e-05,0.0,0.0,0.0,0.0,0.0,0.0,0.0,0.0,0.0,0.004603984912932,0.0037324923483115,-0.7367991990093471,False
2023-06-18,0.0171821305841924,0.0001791211042693,0.0161290322580645,0.0468873776986987,0.0192307692307692,846819.0,0.0355365497361931,0.0176799007444168,0.8440013798560774,0.8312380950136987,0.837619737434888,0.0176326004748849,0.0285123925798336,1.6184708443147406,True
2023-06-25,0.0103092783505154,5.643541641362744e-05,0.0,0.0,0.0,0.0,0.0,0.0,0.0,0.0,0.0,0.0034552379223096,0.0018603869663596,-1.1228668424636734,False
2023-07-02,0.0171821305841924,6.870398519919863e-05,0.0,0.0,0.0,0.0,0.0,0.0,0.0,0.0,0.0,0.0057502781897972,0.0056010822055857,-0.6103211430917305,False
2023-07-09,0.0103092783505154,7.483826959198421e-05,0.0,0.0,0.0,0.0,0.0,0.0,0.0,0.0,0.0,0.0034613722067024,0.0018691757780538,-0.8483867346704286,False
2023-07-16,0.0171821305841924,8.71068383775554e-05,0.0,0.0,0.0,0.0,0.0,0.0,0.0,0.0,0.0,0.0057564124741899,0.0056098710172799,-0.3252203896844893,False
2023-07-23,0.0103092783505154,9.446797964889812e-05,0.0,0.0,0.0,0.0,0.0,0.0,0.0,0.0,0.0,0.0034679154433881,0.0018785505105276,-0.6955519721361411,False
2023-07-30,0.0103092783505154,7.729198334909845e-05,0.0,0.0,0.0,0.0,0.0,0.0,0.0,0.0,0.0,0.0034621901112881,0.001870347619613,-0.5150726047798928,False
2023-08-06,0.0240549828178694,7.483826959198421e-05,0.0,0.0,0.0,0.0,0.0,0.0,0.0,0.0,0.0,0.0080432736958204,0.0093388478409138,0.3436559256812385,False
2023-08-13,0.0206185567010309,0.0001091902621915,0.0,0.0,0.0,0.0,0.0,0.0,0.0,0.0,0.0,0.0069092489877408,0.007487835607028,1.021241113559526,False
2023-08-20,0.0240549828178694,8.342626774188404e-05,0.0,0.0,0.0,0.0,0.0,0.0,0.0,0.0,0.0,0.0080461363618704,0.0093429492863711,1.230203678597861,False
2023-08-27,0.0171821305841924,0.0001116439759486,0.0,0.0,0.0,0.0,0.0,0.0,0.0,0.0,0.0,0.005764591520047,0.0056215894328722,0.07616017786527225,False
2023-09-03,0.0206185567010309,9.814855028456944e-05,0.0,0.0,0.0,0.0,0.0,0.0,0.0,0.0,0.0,0.0069055684171051,0.0074825623200115,0.47549819901401286,False
2023-09-10,0.0103092783505154,9.692169340601234e-05,0.0,0.0,0.0,0.0,0.0,0.0,0.0,0.0,0.0,0.0034687333479738,0.0018797223520869,-1.127746458726023,False
2023-09-17,0.0171821305841924,0.0002527325169827,0.0161290322580645,0.0029373975519072,0.0192307692307692,24185.0,0.0107520427091702,0.0176799007444168,0.7027758564110652,0.6146953162804134,0.6587355863457394,0.0093956352701151,0.0126051285714098,1.3452251064358745,False
2023-09-24,0.0171821305841924,0.0001435422547911,0.0,0.0,0.0,0.0,0.0,0.0,0.0,0.0,0.0,0.0057752242796612,0.0056368233731422,-0.558089976752971,False
2023-10-01,0.0309278350515463,9.201426589178388e-05,0.0,0.0,0.0,0.0,0.0,0.0,0.0,0.0,0.0,0.0103399497724793,0.0130818867632584,1.4931454941111102,False
2023-10-08,0.0171821305841924,0.000152130252941,0.0,0.0,0.0,0.0,0.0,0.0,0.0,0.0,0.0,0.0057780869457111,0.0056409248185995,-0.517400515738818,False
2023-10-15,0.0309278350515463,9.937540716312658e-05,0.0,0.0,0.0,0.0,0.0,0.0,0.0,0.0,0.0,0.0103424034862365,0.0130854022879361,1.2354949027658266,False
2023-10-22,0.0859106529209622,8.71068383775554e-05,0.0,0.0,0.0,0.0,0.0,0.0,0.0,0.0,0.0,0.0286659199197799,0.0429582313315799,2.3521641616444393,True
2023-10-29,0.0274914089347079,0.0001889359592977,0.0,0.0,0.0,0.0,0.0,0.0,0.0,0.0,0.0,0.0092267816313352,0.011260756489133,-0.1469283599613384,False
2023-11-05,0.120274914089347,0.0001042828346773,0.0,0.0,0.0,0.0,0.0,0.0,0.0,0.0,0.0,0.0401263989746748,0.0616406143796445,2.011203804810166,True
2023-11-12,0.0481099656357388,0.0009692169340601,0.0161290322580645,0.0173201738901424,0.0192307692307692,350276.0,0.0188628545919627,0.0176799007444168,0.7932317681080033,0.7774778279757857,0.7853547980418945,0.0226473457205872,0.0349712778683054,0.4808150228097438,False
2023-11-19,0.0378006872852233,0.0005336827421723,0.0,0.0,0.0,0.0,0.0,0.0,0.0,0.0,0.0,0.0127781233424652,0.0170276542753498,-0.3953006463134973,False
2023-11-26,0.0652920962199312,0.0004171313387094,0.0,0.0,0.0,0.0,0.0,0.0,0.0,0.0,0.0,0.0219030758528802,0.0319113359270063,0.25551798628305555,False
2023-12-03,0.4295532646048109,0.0005717153054076,0.0161290322580645,0.0275003976484351,0.0192307692307692,328220.0,0.024603740627209,0.0176799007444168,0.8168011939789585,0.7735170720512141,0.7951591330150862,0.1515762401791425,0.2457576144468529,2.415261896598367,True
2023-12-10,0.0962199312714776,1.0,0.3064516129032258,1.0,0.3461538461538461,13529426.0,0.7367411560214163,0.326302729528536,1.0,1.0,1.0,0.6109870290976314,1.0,2.4125103440642346,True
2023-12-17,0.0584192439862542,0.1958014503902018,0.032258064516129,0.1695676006244892,0.0384615384615384,2376141.0,0.1138146046756839,0.0353598014888337,0.9095361095059128,0.8940713201536132,0.9018037148297632,0.12267843301738,0.1946981572210255,-0.006432667797478759,False
2023-12-24,0.0446735395189003,0.1288064768228332,0.0,0.0,0.0,0.0,0.0,0.0,0.0,0.0,0.0,0.0578266721139112,0.0820228514986361,-0.3598440108302705,False
2023-12-31,0.0412371134020618,0.104238667829727,0.0,0.0,0.0,0.0,0.0,0.0,0.0,0.0,0.0,0.0484919270772629,0.0684223698711327,-0.4126092676262333,False
2024-01-07,0.0206185567010309,0.0973253293190576,0.0,0.0,0.0,0.0,0.0,0.0,0.0,0.0,0.0,0.0393146286733628,0.0539161981837127,-0.4716890413377891,False
2024-01-14,0.0206185567010309,0.0966211134707658,0.0,0.0,0.0,0.0,0.0,0.0,0.0,0.0,0.0,0.0390798900572655,0.0535798796562138,-0.49452254263335516,False
2024-01-21,0.0171821305841924,0.0938533243527409,0.0,0.0,0.0,0.0,0.0,0.0,0.0,0.0,0.0,0.0370118183123111,0.0503906243616876,-0.5177304114318636,False
2024-01-28,0.0171821305841924,0.0937134626685854,0.0,0.0,0.0,0.0,0.0,0.0,0.0,0.0,0.0,0.0369651977509259,0.0503238293928115,-0.4379346324152699,False
2024-02-04,0.0171821305841924,0.0894869407219562,0.0,0.0,0.0,0.0,0.0,0.0,0.0,0.0,0.0,0.0355563571020495,0.0483053323070382,-0.5613873434645418,False
2024-02-11,0.0171821305841924,0.0762712384261389,0.0161290322580645,0.0495012467521896,0.0192307692307692,728304.0,0.0370105767029309,0.0176799007444168,0.8467670022492157,0.8220563183195129,0.8344116602843643,0.0434879819044207,0.0658005262391583,0.1677505575928265,False
2024-02-18,0.0103092783505154,0.0695431553041316,0.0,0.0,0.0,0.0,0.0,0.0,0.0,0.0,0.0,0.0266174778848823,0.0350457680821883,-1.85005374808212,False
2024-02-25,0.0171821305841924,0.0734531481760932,0.0,0.0,0.0,0.0,0.0,0.0,0.0,0.0,0.0,0.0302117595867618,0.040647933638251,-1.0880076055560712,False
2024-03-03,0.0206185567010309,0.0769042965754744,0.0,0.0,0.0,0.0,0.0,0.0,0.0,0.0,0.0,0.0325076177588351,0.0441635468070227,-0.5049136295843523,False
2024-03-10,0.0171821305841924,0.0711196663930775,0.0161290322580645,0.0023669004798899,0.0192307692307692,24522.0,0.0104303249599679,0.0176799007444168,0.691767146140196,0.6155380191475166,0.6536525826438563,0.0329107073124126,0.046242728411531,-0.2943807705194813,False
2024-03-17,0.0171821305841924,0.0660024463526158,0.0,0.0,0.0,0.0,0.0,0.0,0.0,0.0,0.0,0.0277281923122694,0.0370896367436497,-1.011868934288075,False
2024-03-24,0.0171821305841924,0.0707405676176034,0.0,0.0,0.0,0.0,0.0,0.0,0.0,0.0,0.0,0.0293075660672652,0.0393524627945225,-0.5544142833625413,False
2024-03-31,0.0103092783505154,0.0628616927435096,0.0,0.0,0.0,0.0,0.0,0.0,0.0,0.0,0.0,0.0243903236980083,0.0318548435164056,-1.1135436675737456,False
2024-04-07,0.0137457044673539,0.0634812554671809,0.0,0.0,0.0,0.0,0.0,0.0,0.0,0.0,0.0,0.0257423199781783,0.0340181515258261,-0.9451896336616061,False
2024-04-14,0.0137457044673539,0.0545117048280498,0.0161290322580645,0.005433199637121,0.0192307692307692,115271.0,0.0121594887219429,0.0176799007444168,0.7341286419614242,0.709791825815959,0.7219602338886917,0.0268056326724489,0.0375559703996337,-0.6136894059235388,False
2024-04-21,0.0137457044673539,0.0545889968113989,0.0,0.0,0.0,0.0,0.0,0.0,0.0,0.0,0.0,0.0227782337595843,0.0297713977151773,-1.3726759050551318,False
2024-04-28,0.0171821305841924,0.0524604001271023,0.0161290322580645,0.0125795978765177,0.0192307692307692,109715.0,0.016189523702406,0.0176799007444168,0.776928643396536,0.7067834087675485,0.7418560260820423,0.0286106848045669,0.0410360139312698,0.4225191867492258,False
2024-05-05,0.0171821305841924,0.0551140915554214,0.0,0.0,0.0,0.0,0.0,0.0,0.0,0.0,0.0,0.0240987407132046,0.0318895898245675,-0.8970794543341709,False
2024-05-12,0.0274914089347079,0.0463923660057588,0.0,0.0,0.0,0.0,0.0,0.0,0.0,0.0,0.0,0.0246279249801555,0.0333265330494301,-0.5104481184557811,False
2024-05-19,0.0309278350515463,0.0603073767223537,0.0,0.0,0.0,0.0,0.0,0.0,0.0,0.0,0.0,0.0304117372579666,0.0418394645475373,1.7580366824004754,True
2024-05-26,0.0240549828178694,0.0426725359499736,0.0,0.0,0.0,0.0,0.0,0.0,0.0,0.0,0.0,0.0222425062559477,0.0296826032299228,-1.2089524693536884,False
2024-06-02,0.0171821305841924,0.0456427564529604,0.0,0.0,0.0,0.0,0.0,0.0,0.0,0.0,0.0,0.0209416290123843,0.0273662814059404,-1.2553225194457587,False
2024-06-09,0.0171821305841924,0.043571822041956,0.0,0.0,0.0,0.0,0.0,0.0,0.0,0.0,0.0,0.0202513175420494,0.0263772471299505,-1.1121589129336844,False
2024-06-16,0.0103092783505154,0.0400409279454686,0.0161290322580645,0.246829243014152,0.0192307692307692,2425644.0,0.148288831975135,0.0176799007444168,0.9286762365143456,0.895327034536142,0.9120016355252438,0.0662130127570397,0.116341636549225,2.406584443600182,True
2024-06-23,0.0171821305841924,0.0396127548948522,0.0,0.0,0.0,0.0,0.0,0.0,0.0,0.0,0.0,0.0189316284930148,0.0244864807741332,-0.6088469048955369,False
2024-06-30,0.0171821305841924,0.0368388314924345,0.0,0.0,0.0,0.0,0.0,0.0,0.0,0.0,0.0,0.0180069873588756,0.0231617138914239,-0.6043677485565793,False
2024-07-07,0.0171821305841924,0.0403427347375937,0.0,0.0,0.0,0.0,0.0,0.0,0.0,0.0,0.0,0.019174955107262,0.0248351036380041,-0.4811958505747961,False
2024-07-14,0.0206185567010309,0.0430884404318045,0.0,0.0,0.0,0.0,0.0,0.0,0.0,0.0,0.0,0.0212356657109451,0.0280138123584972,-0.283613541613771,False
2024-07-21,0.0309278350515463,0.0435325626218422,0.0,0.0,0.0,0.0,0.0,0.0,0.0,0.0,0.0,0.0248201325577962,0.0338281697278628,-0.0844629074664406,False
2024-07-28,0.0171821305841924,0.0485982546734045,0.0,0.0,0.0,0.0,0.0,0.0,0.0,0.0,0.0,0.0219267950858656,0.0287777645640327,-0.2702094593982611,False
2024-08-04,0.0206185567010309,0.0449643045991183,0.0,0.0,0.0,0.0,0.0,0.0,0.0,0.0,0.0,0.0218609537667164,0.0289096852305284,-0.28798121275819444,False
2024-08-11,0.0206185567010309,0.0481443176283384,0.0,0.0,0.0,0.0,0.0,0.0,0.0,0.0,0.0,0.0229209581097897,0.0304283918912902,0.7941549296492891,False
2024-08-18,0.0206185567010309,0.055073605278429,0.0,0.0,0.0,0.0,0.0,0.0,0.0,0.0,0.0,0.0252307206598199,0.0337376724545552,1.3343731727340318,False
2024-08-25,0.0171821305841924,0.0594743409018134,0.0,0.0,0.0,0.0,0.0,0.0,0.0,0.0,0.0,0.0255521571620019,0.0339719522753188,1.2163024026486255,False
2024-09-01,0.0206185567010309,0.054946012163059,0.0,0.0,0.0,0.0,0.0,0.0,0.0,0.0,0.0,0.0251881896213633,0.0336767366934752,0.8932088791798183,False
2024-09-08,0.0274914089347079,0.0679016208006222,0.0,0.0,0.0,0.0,0.0,0.0,0.0,0.0,0.0,0.0317976765784433,0.0435988961576386,2.174380556643299,True
2024-09-15,0.0171821305841924,0.0653779762014302,0.0,0.0,0.0,0.0,0.0,0.0,0.0,0.0,0.0,0.0275200355952075,0.0367914030668257,0.6886880922869589,False
2024-09-22,0.0171821305841924,0.0556784457195577,0.0,0.0,0.0,0.0,0.0,0.0,0.0,0.0,0.0,0.0242868587679167,0.0321591133831903,-0.41194312764380875,False
2024-09-29,0.0171821305841924,0.0552061058213132,0.0,0.0,0.0,0.0,0.0,0.0,0.0,0.0,0.0,0.0241294121351685,0.0319335338830386,-0.617084347518939,False
2024-10-06,0.0103092783505154,0.0567102323544242,0.0,0.0,0.0,0.0,0.0,0.0,0.0,0.0,0.0,0.0223398369016465,0.0289170367274165,-1.1998855922048564,False
2024-10-13,0.0171821305841924,0.0629892858588795,0.0161290322580645,0.0053517718451999,0.0192307692307692,138792.0,0.0121135695275695,0.0176799007444168,0.7333588204556499,0.7211002783658249,0.7272295494107375,0.0307616619902138,0.0434425638788417,1.2951442792349086,False
2024-10-20,0.0171821305841924,0.0705295482344916,0.0,0.0,0.0,0.0,0.0,0.0,0.0,0.0,0.0,0.0292372262728946,0.0392516844204287,0.6766372496348562,False
2024-10-27,0.0206185567010309,0.0750873215383313,0.0,0.0,0.0,0.0,0.0,0.0,0.0,0.0,0.0,0.0319019594131207,0.0432957981324131,1.103049542904666,False
2024-11-03,0.0274914089347079,0.0746628290583505,0.0,0.0,0.0,0.0,0.0,0.0,0.0,0.0,0.0,0.0340514126643528,0.0468279055740963,1.4424943064208966,False
2024-11-10,0.0240549828178694,0.0748750752983409,0.0,0.0,0.0,0.0,0.0,0.0,0.0,0.0,0.0,0.0329766860387367,0.0450618518532547,0.9453941685908954,False
2024-11-17,0.0274914089347079,0.0762638772848675,0.0,0.0,0.0,0.0,0.0,0.0,0.0,0.0,0.0,0.0345850954065251,0.0475925321914937,1.0106109225034983,False
2024-11-24,0.0481099656357388,0.0871718617921189,0.0,0.0,0.0,0.0,0.0,0.0,0.0,0.0,0.0,0.0450939424759525,0.0640064619373398,1.9629946495341049,True
2024-12-01,0.0343642611683848,0.0868847772825365,0.0,0.0,0.0,0.0,0.0,0.0,0.0,0.0,0.0,0.0404163461503071,0.0563996844120499,1.0438696670332264,False
2024-12-08,0.0309278350515463,0.0950016623910704,0.0161290322580645,0.0084672189019715,0.0192307692307692,84017.0,0.0138704490349772,0.0176799007444168,0.7567470513069486,0.6905313984256191,0.7236392248662838,0.046599982159198,0.0673307643546028,1.5237398576382302,True
2024-12-15,0.0274914089347079,0.1102944333822849,0.0,0.0,0.0,0.0,0.0,0.0,0.0,0.0,0.0,0.0459286141056642,0.0638448027764519,1.1132558605282123,False
2024-12-22,0.0549828178694158,0.0917026442446303,0.0,0.0,0.0,0.0,0.0,0.0,0.0,0.0,0.0,0.0488951540380153,0.0699051034078876,1.218400720435632,False
2024-12-29,0.0893470790378006,0.1181929379664356,0.0,0.0,0.0,0.0,0.0,0.0,0.0,0.0,0.0,0.0691800056680787,0.1012304850384825,2.1208684531238005,True
2025-01-05,0.0618556701030927,0.1645840771153159,0.0,0.0,0.0,0.0,0.0,0.0,0.0,0.0,0.0,0.0754799157394695,0.1084465633523408,1.7500777653091482,True
2025-01-12,0.0481099656357388,0.1198860004588444,0.0,0.0,0.0,0.0,0.0,0.0,0.0,0.0,0.0,0.0559986553648611,0.0796300395257711,0.20309206371929028,False
2025-01-19,0.0343642611683848,0.1038019067809606,0.0,0.0,0.0,0.0,0.0,0.0,0.0,0.0,0.0,0.0460553893164485,0.0644789460421598,-0.6027154233818994,False
2025-01-26,0.0584192439862542,0.1105398047579963,0.0,0.0,0.0,0.0,0.0,0.0,0.0,0.0,0.0,0.0563196829147502,0.0807687490738098,0.06759019946045432,False
2025-02-02,0.0618556701030927,0.0953991640197229,0.0,0.0,0.0,0.0,0.0,0.0,0.0,0.0,0.0,0.0524182780409385,0.0754053187482973,-0.3580259925571527,False
2025-02-09,0.0378006872852233,0.0981767679927762,0.0,0.0,0.0,0.0,0.0,0.0,0.0,0.0,0.0,0.0453258184259998,0.0636599172833405,-1.0000298981158195,False
2025-02-16,0.0343642611683848,0.0906328250465285,0.0483870967741935,0.0378931365005214,0.0576923076923076,213849.0,0.0486556089615541,0.0530397022332506,0.8331437727150379,0.7474267873774565,0.7902852800462472,0.0578842317254891,0.0894869709979559,0.052640658683402564,False
2025-02-23,0.0515463917525773,0.0963009038254624,0.0161290322580645,0.0007223515183831,0.0192307692307692,13134.0,0.0095029221452996,0.0176799007444168,0.6312631750527191,0.577516297424789,0.604389736238754,0.0524500725744464,0.0763463887506328,-0.2973792248051521,False
2025-03-02,0.0584192439862542,0.1267870704007282,0.0,0.0,0.0,0.0,0.0,0.0,0.0,0.0,0.0,0.0617354381289942,0.08852809795825,1.4460660628830524,False
2025-03-09,0.0412371134020618,0.129873842307178,0.0161290322580645,0.008298587266862,0.0192307692307692,19057.0,0.0137753533846177,0.0176799007444168,0.7557214998102664,0.600183652935521,0.6779525763728937,0.0616287696979525,0.0895260611889389,1.167472645666198,False
2025-03-16,0.0481099656357388,0.1128892356804332,0.0,0.0,0.0,0.0,0.0,0.0,0.0,0.0,0.0,0.053666400438724,0.0762885333196274,-0.2776455836097946,False
2025-03-23,0.0309278350515463,0.1303130570697014,0.0,0.0,0.0,0.0,0.0,0.0,0.0,0.0,0.0,0.0537469640404159,0.0752726901531432,-0.20384725276490614,False
2025-03-30,0.0343642611683848,0.1191412983335603,0.0161290322580645,0.018591734643797,0.0192307692307692,42053.0,0.0195799199086927,0.0176799007444168,0.7968434419278495,0.6483839783325694,0.7226137101302095,0.0576951598035459,0.0843993272665237,0.40140081058108973,False
2025-04-06,0.0343642611683848,0.1524983100046498,0.0161290322580645,0.0016500343938423,0.0192307692307692,8948.0,0.0100260660163293,0.0176799007444168,0.6733744089404712,0.5541466382646005,0.6137605236025359,0.065629545729788,0.0941844936623062,1.6198140344750718,True
2025-04-13,0.0274914089347079,0.1214109835588909,0.0,0.0,0.0,0.0,0.0,0.0,0.0,0.0,0.0,0.0496341308311996,0.0691538309605425,-1.3318985018988587,False
2025-04-20,0.0446735395189003,0.1206540128648212,0.0,0.0,0.0,0.0,0.0,0.0,0.0,0.0,0.0,0.0551091841279071,0.0781294079180951,-0.42313289821320377,False
2025-04-27,0.1065292096219931,0.123291755153719,0.0161290322580645,0.0107243017530515,0.0192307692307692,53649.0,0.0151432752250307,0.0176799007444168,0.7687941037185642,0.6632147555252315,0.7160044296218978,0.0816547466669143,0.1227434423683975,2.1519335424511796,True
2025-05-04,0.2714776632302405,0.2549371787935335,0.1129032258064516,0.1482851009742461,0.1346153846153846,1560295.0,0.1472907131892106,0.1237593052109181,0.90269895529812,0.8684566463522514,0.8855778008251858,0.2245685184043282,0.3602532582458874,2.4385216049262803,True
2025-05-11,0.1512027491408934,0.5265326202841155,0.7903225806451613,0.9829618384829708,0.903846153846154,10099531.0,1.0,0.8470843672456576,0.9991239125989794,0.982194197291644,0.9906590549453116,0.5592451231416696,0.97309969575059,2.338478667083204,True
2025-05-18,0.0790378006872852,0.1986354897796688,0.1129032258064516,0.0598061853868215,0.1346153846153846,420988.0,0.0973952115804349,0.1237593052109181,0.856407860164057,0.7886762570841858,0.8225420586241214,0.1250228340157963,0.1966945100693146,-0.15648223277795337,False
2025-05-25,0.0584192439862542,0.0981313742882696,0.0967741935483871,0.297729405184965,0.1153846153846153,2871036.0,0.2224705718258761,0.1060794044665012,0.9382343561244548,0.9055932917289536,0.9219138239267042,0.1263403967001333,0.217945012741815,-0.20237576375909694,False
2025-06-01,0.0274914089347079,0.0976700761019321,0.0161290322580645,0.0232537769456954,0.0192307692307692,40227.0,0.0222089636490029,0.0176799007444168,0.8082502005563371,0.6456805547504123,0.7269653776533747,0.0491234828952143,0.0721014012623228,-0.6371981508940565,False
2025-06-08,0.0378006872852233,0.0892035367830095,0.032258064516129,0.0216654082564196,0.0384615384615384,134692.0,0.0304088121402776,0.0353598014888337,0.8046433440029184,0.719274163252381,0.7619587536276498,0.0524710120695035,0.07893469745594,-0.6207325965782027,False
2025-06-15,0.0343642611683848,0.0795862057120002,0.032258064516129,0.0001558958658845,0.0384615384615384,1348.0,0.0182790532823552,0.0353598014888337,0.5530953742368855,0.4389130999482735,0.4960042370925794,0.0440765067209134,0.0646718842325151,-0.6577286986521665,False
2025-06-22,0.0274914089347079,0.0706240162141405,0.032258064516129,0.0101182704620748,0.0384615384615384,102108.0,0.0238970886571252,0.0353598014888337,0.7658286276937303,0.7024074839047219,0.7341180557992261,0.0406708379353245,0.0602706494505809,-0.6361835207897437,False
2025-06-29,0.0687285223367697,0.0667876347548924,0.0161290322580645,0.004496543902146,0.0192307692307692,8998.0,0.011631284828156,0.0176799007444168,0.7244822887931353,0.5544859523760185,0.6394841205845769,0.049049147306606,0.0729576193969257,-0.46216683221838806,False
2025-07-06,0.0446735395189003,0.0512102329678526,0.032258064516129,0.0111966029262456,0.0384615384615384,74379.0,0.024505187647078,0.0353598014888337,0.7709912350655612,0.6831111078750663,0.7270511714703138,0.0401296533779436,0.060727283515396,-0.6922507279268924,False
2025-07-13,0.0378006872852233,0.0482792718849797,0.0,0.0,0.0,0.0,0.0,0.0,0.0,0.0,0.0,0.028693319723401,0.0398299332556228,-0.8314535781511551,False
2025-07-20,0.0274914089347079,0.0512715758117805,0.0,0.0,0.0,0.0,0.0,0.0,0.0,0.0,0.0,0.0262543282488294,0.0356567399899586,-1.573396315180473,False
2025-07-27,0.0446735395189003,0.0507869673447504,0.0,0.0,0.0,0.0,0.0,0.0,0.0,0.0,0.0,0.0318201689545502,0.0447623913605857,-0.7707329236551954,False
2025-08-03,0.0446735395189003,0.064835705461108,0.0161290322580645,0.0227830681220644,0.0192307692307692,350244.0,0.0219435190206322,0.0176799007444168,0.8072076665328092,0.7774722641303822,0.7923399653315957,0.0438175880002135,0.0655867485603582,0.7042320359044226,False
2025-08-10,0.0412371134020618,0.0719809199218246,0.0161290322580645,0.0100344571730894,0.0192307692307692,136924.0,0.0147542543931095,0.0176799007444168,0.7654045847944423,0.7202750669033221,0.7428398258488822,0.0426574292389987,0.0625073010267855,0.5937464004302154,False
2025-08-17,0.0274914089347079,0.0578978298128675,0.0161290322580645,0.0080142045330874,0.0192307692307692,27406.0,0.0136149827578265,0.0176799007444168,0.7539438461733875,0.6223093008384176,0.6881265735059026,0.0330014071684673,0.0475790177331948,-0.48399114113599323,False
2025-08-24,0.0240549828178694,0.0597258465619176,0.0161290322580645,0.0192802139202363,0.0192307692307692,63269.0,0.0199681708113752,0.0176799007444168,0.7986971842901998,0.6732589711704762,0.735978077730338,0.0345830000637207,0.0506712548102945,-0.08292440994257319,False
2025-08-31,0.0412371134020618,0.0596571425767184,0.0161290322580645,0.0020929073729229,0.0192307692307692,4070.0,0.0102758133068956,0.0176799007444168,0.685495254206111,0.5061786108829769,0.595836932544544,0.0370566897618919,0.0537410083964227,0.3733359889779308,False
2025-09-07,0.0446735395189003,0.0693701684842551,0.0161290322580645,0.0098880911863397,0.0192307692307692,0.0,0.0146717149058333,0.0176799007444168,0.7646554993974952,0.0,0.3823277496987476,0.0429051409696629,0.0630747868139344,1.0189137099245664,False
2025-09-14,0.0481099656357388,0.0589676490109693,0.0806451612903225,0.0730636246759667,0.0961538461538461,43216.0,0.0866802777423956,0.0883995037220843,0.8666151197691327,0.6500452939367226,0.7583302068529276,0.0645859641297012,0.1062930662456869,2.2129433422935634,True
2025-09-21,0.0343642611683848,0.0621721991777605,0.032258064516129,0.0066872294091779,0.0384615384615384,53991.0,0.0219622377015274,0.0353598014888337,0.7447156910723017,0.6636017392170966,0.7041587151446992,0.0394995660158909,0.0587245011298578,-0.2802481122458182,False
2025-09-28,0.0378006872852233,0.0614397656212619,0.0,0.0,0.0,0.0,0.0,0.0,0.0,0.0,0.0,0.0330801509688284,0.0461151054585519,-0.7583717071221553,False
2025-10-05,0.0274914089347079,0.059605614587819,0.032258064516129,0.0194663038822105,0.0384615384615384,1115.0,0.0291686814818859,0.0353598014888337,0.7991868750556492,0.4273656972441098,0.6132762861498795,0.0387552350014709,0.058399401306921,-0.16233369355004992,False
2025-10-12,0.0378006872852233,0.0602251773114903,0.032258064516129,0.0001563923398928,0.0384615384615384,590.0,0.0182793332566239,0.0353598014888337,0.5532574661149295,0.3886522072667911,0.4709548366908603,0.0387683992844458,0.0572930665161481,-0.2400559439628929,False
2025-10-19,0.0309278350515463,0.0760430430467273,0.0,0.0,0.0,0.0,0.0,0.0,0.0,0.0,0.0,0.0356569593660912,0.0493544844668781,-0.5720700882920062,False
2025-10-26,0.0412371134020618,0.0866762116131818,0.0483870967741935,0.0485190697997591,0.0576923076923076,394648.0,0.0546478418964501,0.0530397022332506,0.8457453184179385,0.7847415154968724,0.8152434169574054,0.0608537223038979,0.0951866643958441,1.4075887686077815,False
2025-11-02,0.1237113402061855,0.0759264916432643,0.032258064516129,0.0005285177727916,0.0384615384615384,5123.0,0.0184891842139124,0.0353598014888337,0.615335347231548,0.5201884418035715,0.5677618945175598,0.0727090053544541,0.1116121158553327,1.601066088878739,True
2025-11-09,0.0584192439862542,0.2610849586119832,0.2580645161290322,0.0271476710292261,0.2884615384615385,390360.0,0.160838376563692,0.2732630272952854,0.8161430850633353,0.7840761952170267,0.800109640140181,0.1601141930539765,0.2561238073010885,2.3405932193859758,True
2025-11-16,0.0343642611683848,0.104207996407763,0.064516129032258,0.0398631090380616,0.0769230769230769,605609.0,0.058862096200924,0.0707196029776675,0.8357274970514394,0.8108212720915244,0.8232743845714819,0.0658114512590239,0.1025354188474752,0.061715176822491065,False
2025-11-23,0.0412371134020618,0.0726667329169381,0.032258064516129,0.0002203981323156,0.0384615384615384,1916.0,0.018315427744193,0.0353598014888337,0.5707467151163295,0.4603132098818628,0.5155299624990961,0.0440730913543976,0.0651255246241155,-0.499811195451243,False
2025-11-30,0.0343642611683848,0.0652565173704531,0.0161290322580645,0.0071883048838892,0.0192307692307692,54227.0,0.0131492370261834,0.0176799007444168,0.7483992744822281,0.6638673538618564,0.7061333141720423,0.0375900051883404,0.0545286196970462,-0.6524806614874232,False
2025-12-07,0.0378006872852233,0.0650001042828346,0.0,0.0,0.0,0.0,0.0,0.0,0.0,0.0,0.0,0.034266930522686,0.0478154475609943,-0.712109048050254,False
2025-12-14,0.0412371134020618,0.0702179265873381,0.0,0.0,0.0,0.0,0.0,0.0,0.0,0.0,0.0,0.0371516799964666,0.0521747866524115,-0.6494561033163037,False
2025-12-21,0.0721649484536082,0.0572991236561316,0.0,0.0,0.0,0.0,0.0,0.0,0.0,0.0,0.0,0.0431546907032466,0.0628118029845016,-0.44414573530562895,False
2025-12-28,0.0859106529209622,0.0700915603288467,0.0,0.0,0.0,0.0,0.0,0.0,0.0,0.0,0.0,0.0520007377499363,0.0763908710164061,-0.17314043600137466,False
2026-01-04,0.2027491408934708,0.1075192831229887,0.0,0.0,0.0,0.0,0.0,0.0,0.0,0.0,0.0,0.1034228080054864,0.1577577687744278,2.2231450416111684,True
2026-01-11,0.0481099656357388,0.0910266461045453,0.0,0.0,0.0,0.0,0.0,0.0,0.0,0.0,0.0,0.0463788705800947,0.0658474250268898,-0.15056531515899893,False
2026-01-18,0.0618556701030927,0.0747769267480563,0.0,0.0,0.0,0.0,0.0,0.0,0.0,0.0,0.0,0.045544198950383,0.0655565763637505,-0.19640613154518952,False
2026-01-25,0.0549828178694158,0.0851291450893213,0.0,0.0,0.0,0.0,0.0,0.0,0.0,0.0,0.0,0.0467039876529123,0.066765739870711,-0.19988297474819353,False
2026-02-01,0.127147766323024,0.0798180816620475,0.0161290322580645,0.0067405640377029,0.0192307692307692,132625.0,0.0128967446220566,0.0176799007444168,0.7451206724787136,0.7183323470469603,0.7317265097628369,0.0732875308690427,0.1117407863048391,0.7896453410817904,False
2026-02-08,0.0515463917525773,0.0924620686524572,0.032258064516129,0.0030341615470357,0.0384615384615384,28935.0,0.0199021802044123,0.0353598014888337,0.7044281682145185,0.6256154391375471,0.6650218036760328,0.0546368802031489,0.0812022752127106,-0.16977799606812813,False
2026-02-15,0.0515463917525773,0.0789985412671714,0.0,0.0,0.0,0.0,0.0,0.0,0.0,0.0,0.0,0.0435149776732495,0.0619704757192603,-0.7120708751392947,False
2026-02-22,0.0962199312714776,0.0786574750549325,0.0,0.0,0.0,0.0,0.0,0.0,0.0,0.0,0.0,0.05829246877547,0.0860840239468224,-0.033258422482200824,False
2026-03-01,0.0584192439862542,0.0803394958354343,0.0,0.0,0.0,0.0,0.0,0.0,0.0,0.0,0.0,0.0462529132738962,0.0663457231628094,-0.5550565291582612,False
2026-03-08,0.0412371134020618,0.0773140667729124,0.0,0.0,0.0,0.0,0.0,0.0,0.0,0.0,0.0,0.0395170600583247,0.0555637524417041,-1.0569215366408067,False
2026-03-15,0.0515463917525773,0.0761007053200194,0.0161290322580645,5.878978805518532e-06,0.0192307692307692,45.0,0.0090988851324837,0.0176799007444168,0.3860186795731705,0.2331640281575057,0.3095913538653381,0.0455819940683601,0.0664393098089151,-0.497724858125817,False
2026-03-22,0.0549828178694158,0.0845243046481926,0.0,0.0,0.0,0.0,0.0,0.0,0.0,0.0,0.0,0.0465023741725361,0.0664768809263608,-0.4099933809388301,False
2026-03-29,0.0652920962199312,0.0921013727301614,0.0,0.0,0.0,0.0,0.0,0.0,0.0,0.0,0.0,0.0524644896500308,0.0756977817084075,0.6605782828645621,False
2026-04-05,0.120274914089347,0.092490286360664,0.0483870967741935,0.0003615148146118,0.0576923076923076,1858.0,0.0274905768431516,0.0530397022332506,0.595974698369885,0.4584421959514234,0.5272084471606542,0.0800852590977209,0.1234452820488841,2.2194018887648332,True
2026-04-12,0.0721649484536082,0.0918106076499434,0.0,0.0,0.0,0.0,0.0,0.0,0.0,0.0,0.0,0.0546585187011838,0.0792937545150687,0.13942320795014973,False
2026-04-19,0.0652920962199312,0.0811835733678816,0.032258064516129,0.0011425986027199,0.0384615384615384,11730.0,0.0188354799481467,0.0353598014888337,0.6546398225923004,0.5706318325829361,0.6126358275876183,0.0551037165119865,0.0825994318573744,0.20952303456408986,False
2026-04-26,0.4123711340206185,0.0704044088328787,0.0,0.0,0.0,0.0,0.0,0.0,0.0,0.0,0.0,0.1609251809511657,0.2539449923081327,2.358898502495974,True
2026-05-03,0.1477663230240549,0.0966186597570087,0.0,0.0,0.0,0.0,0.0,0.0,0.0,0.0,0.0,0.0814616609270212,0.1226731743961095,0.24318361700395644,False
2026-05-10,0.1615120274914089,0.0969266008335265,0.0161290322580645,0.0008701039996194,0.0192307692307692,11403.0,0.0095862435119358,0.0176799007444168,0.6407505286843305,0.568910146268674,0.6048303374765023,0.0893416239456237,0.136456180597781,0.31574387404164456,False
2026-05-17,0.40893470790378,0.1101263539899226,0.0161290322580645,0.0014497434588626,0.0192307692307692,7625.0,0.009913116884865,0.0176799007444168,0.6667771467803423,0.5444039675303561,0.6055905571553493,0.1763247262595225,0.2774244578601732,1.7042896348095953,True
2026-05-24,0.1546391752577319,0.1235457145275803,0.032258064516129,0.0014046521152435,0.0384615384615384,22629.0,0.0189832585614909,0.0353598014888337,0.665166343150691,0.6106456229579202,0.6379059830543057,0.0990560494489344,0.1514786161770312,-0.012398081829047029,False
2026-05-31,0.0756013745704467,0.1117163605045326,0.0161290322580645,0.0028405457656431,0.0192307692307692,14406.0,0.0106974255337078,0.0176799007444168,0.7010666167689691,0.5831455087875329,0.642106062778251,0.066005053536229,0.0975487634043503,-0.6839081759120117,False
2026-06-07,0.2233676975945017,0.087409872026559,0.0,0.0,0.0,0.0,0.0,0.0,0.0,0.0,0.0,0.1035925232070202,0.15935844937005,-0.008887659470587016,False
2026-06-14,0.281786941580756,0.0777630963904643,0.0161290322580645,0.0003348959368379,0.0192307692307692,2467.0,0.0092844261288875,0.0176799007444168,0.5920756331141414,0.4756993750104272,0.5338875040622844,0.1229448213667026,0.1924695871554327,0.27146561903198557,False
2026-06-21,1.0,0.1974981934532463,0.5967741935483871,0.0883011657833334,0.6346153846153847,1740207.0,0.3863313476066916,0.6156947890818859,0.876271855198168,0.8751026018712466,0.8756872285347073,0.5279431803533127,0.8824750540445742,2.415538521694881,True
2026-06-28,0.4982817869415807,0.3668878689618705,0.6612903225806451,0.1706018074475327,0.7692307692307693,1674945.0,0.4691250433685042,0.7152605459057072,0.9098460953405494,0.8727747796263605,0.891310437483455,0.4447648997573185,0.743985260899919,1.3487600502055381,False
2026-07-05,0.2233676975945017,0.1703552118720486,0.032258064516129,0.0024161391978465,0.0384615384615384,23027.0,0.0195536617476308,0.0353598014888337,0.6928167995456338,0.6117073772939582,0.652262088419796,0.1377588570713937,0.2115491048206569,-0.41153744542070264,False
2026-07-12,0.1855670103092783,0.0850101399721012,0.0483870967741935,0.0019300457345196,0.0576923076923076,10949.0,0.0283751111586783,0.0530397022332506,0.6813653595910368,0.5664361036092109,0.6239007316001239,0.0996507538133526,0.1559228343834124,-0.5611968233481772,False
2026-07-19,0.1168384879725085,0.0715981405757148,0.0,0.0,0.0,0.0,0.0,0.0,0.0,0.0,0.0,0.0628122095160744,0.0939171438752082,-0.727885651199262,False
2026-07-26,0.1890034364261168,0.0632812777959761,0.032258064516129,0.0057291132824664,0.0384615384615384,24713.0,0.0214219317492636,0.0353598014888337,0.7368322311822373,0.6160105071840976,0.6764213691831674,0.0912355486571188,0.1429404371026435,-0.5971697381007884,False
2026-08-02,0.261168384879725,0.0628113916114887,0.0,0.0,0.0,0.0,0.0,0.0,0.0,0.0,0.0,0.1079932588304046,0.1681523359116362,-0.5081399580607536,False
2026-08-09,0.140893470790378,0.0819344097775585,0.0967741935483871,0.0310406781195591,0.1153846153846153,380901.0,0.0720780435948277,0.1060794044665012,0.8229747526585365,0.7825823301951872,0.8027785414268618,0.0983019747209214,0.1582890291551939,-0.5397960434911779,False
2026-08-16,0.3676975945017182,0.0763693869764235,0.032258064516129,0.0001277421568776,0.0384615384615384,1009.0,0.0182631766927325,0.0353598014888337,0.5429417141969043,0.4212878508486263,0.4821147825227653,0.1541100527236247,0.2442649349941001,0.036986527597559736,False
2026-08-23,0.8522336769759451,0.1675248530532173,0.1290322580645161,0.0067646369725441,0.1538461538461538,125082.0,0.0765793087517383,0.141439205955335,0.7453024150326604,0.7147663133501473,0.7300343641914038,0.3654459462603003,0.588616135461967,2.365798394412767,True
2026-08-30,0.4570446735395189,0.408289381185659,1.0,0.3984864832438599,1.0,3991475.0,0.7886419505853728,1.0,0.9530943920868636,0.9256590786311616,0.9393767353590126,0.5513253351035169,0.9468752075894548,2.069227044828689,True
2026-09-06,0.3505154639175257,0.2161611402898572,0.6774193548387096,0.0596321197831457,0.6923076923076923,442741.0,0.4156419955374335,0.684863523573201,0.8562592672883541,0.7917444266241469,0.8240018469562504,0.3274395332482722,0.5572998961223099,0.6133447954824577,False
2026-09-13,0.0,0.0,0.032258064516129,2.388827072829389e-05,0.0384615384615384,548.0,0.0182046108557866,0.0353598014888337,0.4574728454730448,0.3841628113787844,0.4208178284259146,0.0060682036185955,0.0079411386562968,-1.1253429009262195,False
