date,hype_index_equal,hype_index_pca,hype_index_rank
2023-01-01,0.0046367010963602,0.0037793660106807,0.20360824742268044
2023-01-08,0.0058570147382316,0.0057540075290652,0.26374570446735396
2023-01-15,0.0035468432359086,0.0019916332209933,0.1993127147766323
2023-01-22,0.0024115916709504,0.0001388632247687,0.18900343642611683
2023-01-29,0.0058979099675169,0.0058125996070267,0.26890034364261167
2023-02-05,0.0036053234137865,0.0020754198924782,0.20962199312714777
2023-02-12,0.0024066842434362,0.0001318321754133,0.1872852233676976
2023-02-19,0.0058300238869034,0.0057153367576106,0.25171821305841924
2023-02-26,0.0046915007036024,0.0038578793951491,0.21735395189003437
2023-03-05,0.0058312507437819,0.0057170945199495,0.2534364261168385
2023-03-12,0.0024050484342648,0.0001294884922949,0.18556701030927836
2023-03-19,0.0034977689607663,0.0019213227274395,0.1872852233676976
2023-03-26,0.0046003043422963,0.003727219061295,0.15721649484536082
2023-04-02,0.0057490513329186,0.0055993244432469,0.2001718213058419
2023-04-09,0.0034527842085525,0.0018568714416819,0.13402061855670103
2023-04-16,0.0023146699775444,0.0,0.1323024054982818
2023-04-23,0.0034556468746025,0.0018609728871392,0.140893470790378
2023-04-30,0.0045994864377106,0.0037260472197357,0.15549828178694158
2023-05-07,0.008099709112234,0.0094197049085007,0.3041237113402062
2023-05-14,0.0092157399194282,0.0112449366280834,0.3118556701030928
2023-05-21,0.0115590666937126,0.0164566354933167,0.41494845360824745
2023-05-28,0.0046166624340104,0.0037506558924795,0.19072164948453607
2023-06-04,0.0153523142472655,0.0241291420633103,0.39690721649484534
2023-06-11,0.004603984912932,0.0037324923483115,0.1640893470790378
2023-06-18,0.0176326004748849,0.0285123925798336,0.43470790378006874
2023-06-25,0.0034552379223096,0.0018603869663596,0.13917525773195874
2023-07-02,0.0057502781897972,0.0056010822055857,0.20360824742268044
2023-07-09,0.0034613722067024,0.0018691757780538,0.15034364261168384
2023-07-16,0.0057564124741899,0.0056098710172799,0.21649484536082472
2023-07-23,0.0034679154433881,0.0018785505105276,0.16323024054982818
2023-07-30,0.0034621901112881,0.001870347619613,0.15463917525773196
2023-08-06,0.0080432736958204,0.0093388478409138,0.26374570446735396
2023-08-13,0.0069092489877408,0.007487835607028,0.27147766323024053
2023-08-20,0.0080461363618704,0.0093429492863711,0.2697594501718213
2023-08-27,0.005764591520047,0.0056215894328722,0.23281786941580754
2023-09-03,0.0069055684171051,0.0074825623200115,0.2646048109965636
2023-09-10,0.0034687333479738,0.0018797223520869,0.16494845360824742
2023-09-17,0.0093956352701151,0.0126051285714098,0.3745704467353952
2023-09-24,0.0057752242796612,0.0056368233731422,0.236254295532646
2023-10-01,0.0103399497724793,0.0130818867632584,0.3084192439862543
2023-10-08,0.0057780869457111,0.0056409248185995,0.23797250859106525
2023-10-15,0.0103424034862365,0.0130854022879361,0.31529209621993126
2023-10-22,0.0286659199197799,0.0429582313315799,0.4166666666666667
2023-10-29,0.0092267816313352,0.011260756489133,0.31872852233676974
2023-11-05,0.0401263989746748,0.0616406143796445,0.44072164948453607
2023-11-12,0.0226473457205872,0.0349712778683054,0.5867697594501718
2023-11-19,0.0127781233424652,0.0170276542753498,0.38745704467353953
2023-11-26,0.0219030758528802,0.0319113359270063,0.4527491408934708
2023-12-03,0.1515762401791425,0.2457576144468529,0.7010309278350516
2023-12-10,0.6109870290976314,1.0,0.9475945017182131
2023-12-17,0.12267843301738,0.1946981572210255,0.8874570446735396
2023-12-24,0.0578266721139112,0.0820228514986361,0.6357388316151202
2023-12-31,0.0484919270772629,0.0684223698711327,0.5979381443298969
2024-01-07,0.0393146286733628,0.0539161981837127,0.49828178694158076
2024-01-14,0.0390798900572655,0.0535798796562138,0.4948453608247423
2024-01-21,0.0370118183123111,0.0503906243616876,0.4458762886597938
2024-01-28,0.0369651977509259,0.0503238293928115,0.44415807560137455
2024-02-04,0.0355563571020495,0.0483053323070382,0.4304123711340206
2024-02-11,0.0434879819044207,0.0658005262391583,0.5893470790378007
2024-02-18,0.0266174778848823,0.0350457680821883,0.3041237113402062
2024-02-25,0.0302117595867618,0.040647933638251,0.3805841924398625
2024-03-03,0.0325076177588351,0.0441635468070227,0.43986254295532645
2024-03-10,0.0329107073124126,0.046242728411531,0.4948453608247423
2024-03-17,0.0277281923122694,0.0370896367436497,0.3548109965635739
2024-03-24,0.0293075660672652,0.0393524627945225,0.37199312714776633
2024-03-31,0.0243903236980083,0.0318548435164056,0.2835051546391752
2024-04-07,0.0257423199781783,0.0340181515258261,0.3084192439862543
2024-04-14,0.0268056326724489,0.0375559703996337,0.3986254295532646
2024-04-21,0.0227782337595843,0.0297713977151773,0.2706185567010309
2024-04-28,0.0286106848045669,0.0410360139312698,0.4518900343642612
2024-05-05,0.0240987407132046,0.0318895898245675,0.313573883161512
2024-05-12,0.0246279249801555,0.0333265330494301,0.3651202749140893
2024-05-19,0.0304117372579666,0.0418394645475373,0.42353951890034364
2024-05-26,0.0222425062559477,0.0296826032299228,0.33848797250859103
2024-06-02,0.0209416290123843,0.0273662814059404,0.2912371134020619
2024-06-09,0.0202513175420494,0.0263772471299505,0.2878006872852234
2024-06-16,0.0662130127570397,0.116341636549225,0.4321305841924399
2024-06-23,0.0189316284930148,0.0244864807741332,0.27749140893470786
2024-06-30,0.0180069873588756,0.0231617138914239,0.2757731958762886
2024-07-07,0.019174955107262,0.0248351036380041,0.28092783505154634
2024-07-14,0.0212356657109451,0.0280138123584972,0.32474226804123707
2024-07-21,0.0248201325577962,0.0338281697278628,0.3754295532646048
2024-07-28,0.0219267950858656,0.0287777645640327,0.2981099656357388
2024-08-04,0.0218609537667164,0.0289096852305284,0.32989690721649484
2024-08-11,0.0229209581097897,0.0304283918912902,0.33505154639175255
2024-08-18,0.0252307206598199,0.0337376724545552,0.35223367697594504
2024-08-25,0.0255521571620019,0.0339719522753188,0.3256013745704467
2024-09-01,0.0251881896213633,0.0336767366934752,0.3505154639175258
2024-09-08,0.0317976765784433,0.0435988961576386,0.4304123711340206
2024-09-15,0.0275200355952075,0.0367914030668257,0.35309278350515466
2024-09-22,0.0242868587679167,0.0321591133831903,0.3170103092783505
2024-09-29,0.0241294121351685,0.0319335338830386,0.31529209621993126
2024-10-06,0.0223398369016465,0.0289170367274165,0.2611683848797251
2024-10-13,0.0307616619902138,0.0434425638788417,0.4707903780068728
2024-10-20,0.0292372262728946,0.0392516844204287,0.3685567010309278
2024-10-27,0.0319019594131207,0.0432957981324131,0.42783505154639173
2024-11-03,0.0340514126643528,0.0468279055740963,0.45446735395189003
2024-11-10,0.0329766860387367,0.0450618518532547,0.4415807560137457
2024-11-17,0.0345850954065251,0.0475925321914937,0.4664948453608247
2024-11-24,0.0450939424759525,0.0640064619373398,0.5773195876288659
2024-12-01,0.0404163461503071,0.0563996844120499,0.5266323024054983
2024-12-08,0.046599982159198,0.0673307643546028,0.6752577319587628
2024-12-15,0.0459286141056642,0.0638448027764519,0.5455326460481099
2024-12-22,0.0488951540380153,0.0699051034078876,0.602233676975945
2024-12-29,0.0691800056680787,0.1012304850384825,0.6829896907216496
2025-01-05,0.0754799157394695,0.1084465633523408,0.6829896907216496
2025-01-12,0.0559986553648611,0.0796300395257711,0.6357388316151202
2025-01-19,0.0460553893164485,0.0644789460421598,0.5678694158075601
2025-01-26,0.0563196829147502,0.0807687490738098,0.6494845360824743
2025-02-02,0.0524182780409385,0.0754053187482973,0.6314432989690721
2025-02-09,0.0453258184259998,0.0636599172833405,0.5798969072164948
2025-02-16,0.0578842317254891,0.0894869709979559,0.7302405498281787
2025-02-23,0.0524500725744464,0.0763463887506328,0.7242268041237113
2025-03-02,0.0617354381289942,0.08852809795825,0.6666666666666666
2025-03-09,0.0616287696979525,0.0895260611889389,0.7620274914089347
2025-03-16,0.053666400438724,0.0762885333196274,0.6305841924398625
2025-03-23,0.0537469640404159,0.0752726901531432,0.5867697594501718
2025-03-30,0.0576951598035459,0.0843993272665237,0.7508591065292096
2025-04-06,0.065629545729788,0.0941844936623062,0.7199312714776633
2025-04-13,0.0496341308311996,0.0691538309605425,0.5592783505154639
2025-04-20,0.0551091841279071,0.0781294079180951,0.627147766323024
2025-04-27,0.0816547466669143,0.1227434423683975,0.8419243986254296
2025-05-04,0.2245685184043282,0.3602532582458874,0.9587628865979382
2025-05-11,0.5592451231416696,0.97309969575059,0.9656357388316151
2025-05-18,0.1250228340157963,0.1966945100693146,0.9123711340206185
2025-05-25,0.1263403967001333,0.217945012741815,0.8496563573883161
2025-06-01,0.0491234828952143,0.0721014012623228,0.7079037800687286
2025-06-08,0.0524710120695035,0.07893469745594,0.7353951890034365
2025-06-15,0.0440765067209134,0.0646718842325151,0.6632302405498282
2025-06-22,0.0406708379353245,0.0602706494505809,0.6202749140893471
2025-06-29,0.049049147306606,0.0729576193969257,0.6735395189003436
2025-07-06,0.0401296533779436,0.060727283515396,0.622852233676976
2025-07-13,0.028693319723401,0.0398299332556228,0.4132302405498282
2025-07-20,0.0262543282488294,0.0356567399899586,0.3754295532646048
2025-07-27,0.0318201689545502,0.0447623913605857,0.4415807560137457
2025-08-03,0.0438175880002135,0.0655867485603582,0.6623711340206185
2025-08-10,0.0426574292389987,0.0625073010267855,0.6503436426116839
2025-08-17,0.0330014071684673,0.0475790177331948,0.5292096219931272
2025-08-24,0.0345830000637207,0.0506712548102945,0.5558419243986253
2025-08-31,0.0370566897618919,0.0537410083964227,0.5781786941580757
2025-09-07,0.0429051409696629,0.0630747868139344,0.6434707903780068
2025-09-14,0.0645859641297012,0.1062930662456869,0.6795532646048109
2025-09-21,0.0394995660158909,0.0587245011298578,0.6151202749140894
2025-09-28,0.0330801509688284,0.0461151054585519,0.45274914089347074
2025-10-05,0.0387552350014709,0.058399401306921,0.5876288659793815
2025-10-12,0.0387683992844458,0.0572930665161481,0.6030927835051546
2025-10-19,0.0356569593660912,0.0493544844668781,0.4802405498281787
2025-10-26,0.0608537223038979,0.0951866643958441,0.7482817869415808
2025-11-02,0.0727090053544541,0.1116121158553327,0.761168384879725
2025-11-09,0.1601141930539765,0.2561238073010885,0.9012027491408935
2025-11-16,0.0658114512590239,0.1025354188474752,0.768041237113402
2025-11-23,0.0440730913543976,0.0651255246241155,0.6640893470790378
2025-11-30,0.0375900051883404,0.0545286196970462,0.5876288659793815
2025-12-07,0.034266930522686,0.0478154475609943,0.4664948453608247
2025-12-14,0.0371516799964666,0.0521747866524115,0.49484536082474223
2025-12-21,0.0431546907032466,0.0628118029845016,0.5137457044673539
2025-12-28,0.0520007377499363,0.0763908710164061,0.563573883161512
2026-01-04,0.1034228080054864,0.1577577687744278,0.700171821305842
2026-01-11,0.0463788705800947,0.0658474250268898,0.5859106529209622
2026-01-18,0.045544198950383,0.0655565763637505,0.5661512027491409
2026-01-25,0.0467039876529123,0.066765739870711,0.5867697594501718
2026-02-01,0.0732875308690427,0.1117407863048391,0.7577319587628866
2026-02-08,0.0546368802031489,0.0812022752127106,0.7689003436426117
2026-02-15,0.0435149776732495,0.0619704757192603,0.5670103092783505
2026-02-22,0.05829246877547,0.0860840239468224,0.6099656357388316
2026-03-01,0.0462529132738962,0.0663457231628094,0.5859106529209621
2026-03-08,0.0395170600583247,0.0555637524417041,0.5309278350515464
2026-03-15,0.0455819940683601,0.0664393098089151,0.6623711340206185
2026-03-22,0.0465023741725361,0.0664768809263608,0.5833333333333334
2026-03-29,0.0524644896500308,0.0756977817084075,0.6262886597938144
2026-04-05,0.0800852590977209,0.1234452820488841,0.8376288659793815
2026-04-12,0.0546585187011838,0.0792937545150687,0.6305841924398625
2026-04-19,0.0551037165119865,0.0825994318573744,0.7594501718213058
2026-04-26,0.1609251809511657,0.2539449923081327,0.6125429553264604
2026-05-03,0.0814616609270212,0.1226731743961095,0.672680412371134
2026-05-10,0.0893416239456237,0.136456180597781,0.7955326460481099
2026-05-17,0.1763247262595225,0.2774244578601732,0.8316151202749141
2026-05-24,0.0990560494489344,0.1514786161770312,0.8762886597938144
2026-05-31,0.066005053536229,0.0975487634043503,0.7955326460481099
2026-06-07,0.1035925232070202,0.15935844937005,0.6597938144329897
2026-06-14,0.1229448213667026,0.1924695871554327,0.7525773195876289
2026-06-21,0.5279431803533127,0.8824750540445742,0.9776632302405499
2026-06-28,0.4447648997573185,0.743985260899919,0.9862542955326461
2026-07-05,0.1377588570713937,0.2115491048206569,0.9012027491408935
2026-07-12,0.0996507538133526,0.1559228343834124,0.8298969072164949
2026-07-19,0.0628122095160744,0.0939171438752082,0.5850515463917526
2026-07-26,0.0912355486571188,0.1429404371026435,0.7439862542955327
2026-08-02,0.1079932588304046,0.1681523359116362,0.5747422680412371
2026-08-09,0.0983019747209214,0.1582890291551939,0.8333333333333334
2026-08-16,0.1541100527236247,0.2442649349941001,0.7903780068728522
2026-08-23,0.3654459462603003,0.588616135461967,0.9570446735395189
2026-08-30,0.5513253351035169,0.9468752075894548,0.9896907216494846
2026-09-06,0.3274395332482722,0.5572998961223099,0.9690721649484536
2026-09-13,0.0060682036185955,0.0079411386562968,0.2611683848797251
