video_id,title,published_at,view_count,topic_cluster,topic_terms,vader_compound,vader_label,transformer_label,sentiment_agree,sentiment_label,sentiment_compound
pA4PB5rBNu8,The Official GTA 6 Release Date..!,2023-05-21 19:30:05,2828877,6,"release, release date, date, gta release, gta, date confirmed, gta releases, releases",0.6535,positive,neutral,False,positive,0.6535
yZw-ty4VTds,How GTA 5 Will Be When GTA 6 Comes Out,2023-05-31 23:24:30,11541493,-1,"UNCLUSTERED (gta, trailer, vi, gameplay, gta vi, gta trailer, look, auto)",0.0,neutral,neutral,True,neutral,0.0
T6QFmqEhsSU,GTA 6 Releases Soon,2023-06-13 16:52:36,15488283,6,"release, release date, date, gta release, gta, date confirmed, gta releases, releases",-0.3182,negative,neutral,False,negative,-0.3182
nkXyCDC5Z48,GTA6 Release Date Confirmed!,2023-09-13 23:32:56,970309,6,"release, release date, date, gta release, gta, date confirmed, gta releases, releases",0.0,neutral,positive,False,neutral,0.0
M478xUz1BTc,3 Secret Leaks of GTA VI 🔥 Gamerz GTA 6 #shorts #short #shortsvideo,2023-11-12 02:38:27,5721364,0,"leaked, gameplay leaked, gameplay, gta, leaks, gta gameplay, gta leaked, leaked gameplay",-0.5859,negative,neutral,False,negative,-0.5859
BxtTNvzkPpk,Everyone After The GTA 6 Trailer...,2023-12-03 17:31:02,9084192,-1,"UNCLUSTERED (gta, trailer, vi, gameplay, gta vi, gta trailer, look, auto)",-0.1984,negative,neutral,False,negative,-0.1984
QdBZY2fkU-0,Grand Theft Auto VI Trailer 1,2023-12-04 23:07:10,295092566,7,"trailer, theft auto, theft, grand theft, grand, auto, auto vi, vi",0.8779,positive,neutral,False,positive,0.8779
VMUa7xBMaoY,GTA 6 Trailer 1,2023-12-04 23:11:27,1124944,7,"trailer, theft auto, theft, grand theft, grand, auto, auto vi, vi",0.5859,positive,neutral,False,positive,0.5859
BrM67gJw2BA,GRAND THEFT AUTO VI - TRAILER #01 (VOSTFR),2023-12-04 23:14:31,102383,-1,"UNCLUSTERED (gta, trailer, vi, gameplay, gta vi, gta trailer, look, auto)",0.8422,positive,neutral,False,positive,0.8422
eOrb93UZfPU,GTA 6 (Grand Theft Auto VI) - Official Trailer,2023-12-04 23:18:08,6752825,7,"trailer, theft auto, theft, grand theft, grand, auto, auto vi, vi",0.9198,positive,positive,True,positive,0.9198
ZvqP6ziEQ3Y,Grand Theft Auto VI Trailer 1,2023-12-04 23:18:21,324674,7,"trailer, theft auto, theft, grand theft, grand, auto, auto vi, vi",0.8176,positive,neutral,False,positive,0.8176
hInt-5wzjUs,Grand Theft Auto VI Official  Trailer 1,2023-12-05 03:23:53,488,7,"trailer, theft auto, theft, grand theft, grand, auto, auto vi, vi",0.802,positive,neutral,False,positive,0.802
FomR02IqaDY,Grand Theft Auto VI Trailer 1 (GTA 6) - Sub Español,2023-12-05 03:44:52,7927,-1,"UNCLUSTERED (gta, trailer, vi, gameplay, gta vi, gta trailer, look, auto)",0.8402,positive,neutral,False,positive,0.8402
1jbkfE9FqFc,Tiny details you missed in the GTA VI trailer,2023-12-05 03:53:21,1860637,-1,"UNCLUSTERED (gta, trailer, vi, gameplay, gta vi, gta trailer, look, auto)",-0.5267,negative,neutral,False,negative,-0.5267
7yiPFKJa1hQ,GTA 6 (Grand Theft Auto) Official Trailer 1 by Rockstar games,2023-12-05 03:54:39,22326,-1,"UNCLUSTERED (gta, trailer, vi, gameplay, gta vi, gta trailer, look, auto)",0.8779,positive,neutral,False,positive,0.8779
SYGTRumtdfY,GTA 6 IS CRAZY (Trailer Reaction),2023-12-05 05:51:31,3207842,-1,"UNCLUSTERED (gta, trailer, vi, gameplay, gta vi, gta trailer, look, auto)",0.9676,positive,positive,True,positive,0.9676
exLUmtajc0Y,Streamers react (cry) to GTA 6 release date,2023-12-05 06:02:52,1402028,-1,"UNCLUSTERED (gta, trailer, vi, gameplay, gta vi, gta trailer, look, auto)",-0.7351,negative,neutral,False,negative,-0.7351
GOht52X9f1U,GTA 6 Trailer 1 • Reaction,2023-12-05 07:48:08,218633,-1,"UNCLUSTERED (gta, trailer, vi, gameplay, gta vi, gta trailer, look, auto)",0.891,positive,positive,True,positive,0.891
1YR3TqjKcJs,Kai Cenat Reacts To GTA 6 Release Date! 😭🎮,2023-12-05 19:15:00,632891,-1,"UNCLUSTERED (gta, trailer, vi, gameplay, gta vi, gta trailer, look, auto)",-0.8877,negative,neutral,False,negative,-0.8877
ae-mpZQLM7w,GTA VI - Trailer DUBLADO em PT BR - 4K,2023-12-05 23:15:00,1311706,-1,"UNCLUSTERED (gta, trailer, vi, gameplay, gta vi, gta trailer, look, auto)",0.4342,positive,neutral,False,positive,0.4342
RdWjeMemQmU,Photoshop Ai completes: GRAND THEFT AUTO VI Cover Art [Generative Fill] #gta6 #generativeai,2023-12-05 23:35:48,1419878,-1,"UNCLUSTERED (gta, trailer, vi, gameplay, gta vi, gta trailer, look, auto)",0.9599,positive,positive,True,positive,0.9599
qujk4A8zLUo,GTA 6 Trailer vs Real Life Comparison,2023-12-06 13:00:44,5030559,8,"vs, trailer vs, vs gta, comparison, trailer, gta trailer, gta comparison, gta",0.7717,positive,neutral,False,positive,0.7717
obiC2OzgThc,Grand Theft Auto 6 - DF Direct GTA 6 Special - Trailer 1 Tech Breakdown,2023-12-06 14:59:29,710589,-1,"UNCLUSTERED (gta, trailer, vi, gameplay, gta vi, gta trailer, look, auto)",0.9239,positive,neutral,False,positive,0.9239
aw8U0kgKzU8,GTA VI Trailer (Gta 6) - PS5 vs PS1 Graphics,2023-12-10 20:17:00,7553253,-1,"UNCLUSTERED (gta, trailer, vi, gameplay, gta vi, gta trailer, look, auto)",-0.296,negative,neutral,False,negative,-0.296
FwNYfHoI61Q,GTA 6 Theory...,2023-12-10 21:02:33,3553329,-1,"UNCLUSTERED (gta, trailer, vi, gameplay, gta vi, gta trailer, look, auto)",0.296,positive,neutral,False,positive,0.296
5mMUBDjtS2U,The wait until 2025 is going to be hard! #gta6 #gta,2023-12-11 18:33:03,40299715,-1,"UNCLUSTERED (gta, trailer, vi, gameplay, gta vi, gta trailer, look, auto)",0.3365,positive,neutral,False,positive,0.3365
vWoUE01mhP4,Why No PC Version of GTA VI,2023-12-13 17:15:01,15713462,-1,"UNCLUSTERED (gta, trailer, vi, gameplay, gta vi, gta trailer, look, auto)",-0.5267,negative,negative,True,negative,-0.5267
PlkxWEkDF_E,Rating All GTA Maps! [GTA 1-GTA 6],2024-02-07 21:00:26,16351721,-1,"UNCLUSTERED (gta, trailer, vi, gameplay, gta vi, gta trailer, look, auto)",0.0,neutral,neutral,True,neutral,0.0
mY6nqmcmKZU,The Official GTA 6 Release Date...,2024-03-06 21:00:34,781857,6,"release, release date, date, gta release, gta, date confirmed, gta releases, releases",0.0,neutral,neutral,True,neutral,0.0
rP7Z3NOzRWU,GTA VI Trailer In Real Life,2024-04-10 14:09:56,1794746,-1,"UNCLUSTERED (gta, trailer, vi, gameplay, gta vi, gta trailer, look, auto)",0.7088,positive,positive,True,positive,0.7088
nPzNXBNTlFc,"GTA VI Trailer with Franklin, Michael and Trevor",2024-04-26 15:00:07,4155412,-1,"UNCLUSTERED (gta, trailer, vi, gameplay, gta vi, gta trailer, look, auto)",0.5244,positive,neutral,False,positive,0.5244
rWWgfTa650k,GTA 6 GRAPHICS ARE INSANE 🤯 *Leaked Gameplay*,2024-06-13 16:33:00,81534975,-1,"UNCLUSTERED (gta, trailer, vi, gameplay, gta vi, gta trailer, look, auto)",-0.9451,negative,negative,True,negative,-0.9451
66elptLjCzw,What it'll be Like When GTA 6 Releases,2024-10-08 22:30:58,1767848,6,"release, release date, date, gta release, gta, date confirmed, gta releases, releases",0.6124,positive,neutral,False,positive,0.6124
86AWdgUDaVs,GTA 6 Might Be DELAYED 😭🚨,2024-12-04 04:45:00,2796972,5,"delayed, gta delayed, gta, 2026, delay, delayed 2026, delayed november, november",-0.7481,negative,neutral,False,negative,-0.7481
PU98jKiq8HI,GTA 6 Won't Be Released,2025-02-11 20:07:45,1092788,-1,"UNCLUSTERED (gta, trailer, vi, gameplay, gta vi, gta trailer, look, auto)",0.2003,positive,neutral,False,positive,0.2003
vR_pJVjKlsE,GTA 6 Launch day Live scenes 🔥🤣 #gta6 #gaming,2025-02-15 04:26:21,11353125,-1,"UNCLUSTERED (gta, trailer, vi, gameplay, gta vi, gta trailer, look, auto)",0.3818,positive,positive,True,positive,0.3818
moR647gGrV0,GTA 6 Release Date Confirmed #shorts,2025-02-16 10:06:40,71307,6,"release, release date, date, gta release, gta, date confirmed, gta releases, releases",0.0,neutral,neutral,True,neutral,0.0
pZJS4Qvg0OA,IIT BABA REVEALS GTA 6 RELEASE DATE,2025-02-19 14:06:54,238614,-1,"UNCLUSTERED (gta, trailer, vi, gameplay, gta vi, gta trailer, look, auto)",0.0,neutral,neutral,True,neutral,0.0
8_ZLAQMLNuc,"GTA 6 will launch only on PS5, Xbox X/S",2025-03-06 14:32:44,2741268,-1,"UNCLUSTERED (gta, trailer, vi, gameplay, gta vi, gta trailer, look, auto)",0.2846,positive,neutral,False,positive,0.2846
DqoTQ7tJZxw,"GTA 6 TRAILER 1 IN (PS1,PS2,PS3,PS4,PS5) CONSOLES #gta #gta6 #gaming #shorts #playstation",2025-03-29 16:06:55,6141398,-1,"UNCLUSTERED (gta, trailer, vi, gameplay, gta vi, gta trailer, look, auto)",0.7531,positive,positive,True,positive,0.7531
_I1i62pl7ko,The Boy Who Hacked Rockstar and Leaked GTA 6 😡,2025-04-01 17:30:09,545055,-1,"UNCLUSTERED (gta, trailer, vi, gameplay, gta vi, gta trailer, look, auto)",-0.8402,negative,negative,True,negative,-0.8402
lfYOReKMi1o,PS6 Releasing Before GTA 6,2025-04-27 15:01:09,3542553,-1,"UNCLUSTERED (gta, trailer, vi, gameplay, gta vi, gta trailer, look, auto)",0.2003,positive,positive,True,positive,0.2003
B1eGUqYkfKY,GTA 6 officially released statement confirming delay 😭 #ishowspeed #gta #gta6 #edit,2025-05-02 13:46:00,1259458,5,"delayed, gta delayed, gta, 2026, delay, delayed 2026, delayed november, november",-0.8689,negative,negative,True,negative,-0.8689
zlnnkAxueOU,GTA 6 Delayed 😭😭To 2026 #shorts,2025-05-02 16:01:45,99326,5,"delayed, gta delayed, gta, 2026, delay, delayed 2026, delayed november, november",-0.9349,negative,negative,True,negative,-0.9349
5iEbw7WTalk,GTA 6 delayed forever😭,2025-05-02 20:37:50,20494715,5,"delayed, gta delayed, gta, 2026, delay, delayed 2026, delayed november, november",-0.8402,negative,negative,True,negative,-0.8402
E8YxJBm1qAc,POV: GTA 6 Delayed to 2026,2025-05-02 22:05:15,992407,5,"delayed, gta delayed, gta, 2026, delay, delayed 2026, delayed november, november",-0.4215,negative,neutral,False,negative,-0.4215
36_1XwYA63g,Will GTA 6 Release on PC? Here's the Truth! 💻🎮,2025-05-03 14:00:05,501992,-1,"UNCLUSTERED (gta, trailer, vi, gameplay, gta vi, gta trailer, look, auto)",0.8867,positive,neutral,False,positive,0.8867
akNUUJ3IO4c,GTA 6 has been Delayed to 2026... #news,2025-05-03 23:30:01,1011716,5,"delayed, gta delayed, gta, 2026, delay, delayed 2026, delayed november, november",0.8802,positive,positive,True,positive,0.8802
gt8e_3sJTaI,GTA 6 Expectations,2025-05-04 17:31:00,24623326,-1,"UNCLUSTERED (gta, trailer, vi, gameplay, gta vi, gta trailer, look, auto)",0.0,neutral,neutral,True,neutral,0.0
EvLvMPRaztE,GTA 6 Delayed AGAIN!?,2025-05-05 02:00:20,129714,5,"delayed, gta delayed, gta, 2026, delay, delayed 2026, delayed november, november",-0.5781,negative,negative,True,negative,-0.5781
l4BKvggf_OY,Kai Cenat Reacts To GTA 6 Being Delayed To 2026! 😳,2025-05-05 13:59:21,600749,-1,"UNCLUSTERED (gta, trailer, vi, gameplay, gta vi, gta trailer, look, auto)",-0.7067,negative,neutral,False,negative,-0.7067
ALxRIIwY170,Why they delayed Grand Theft Auto 6 #gta6 #delayed,2025-05-05 19:28:02,5329891,-1,"UNCLUSTERED (gta, trailer, vi, gameplay, gta vi, gta trailer, look, auto)",0.4939,positive,negative,False,positive,0.4939
ORybt8IopQY,GTA 6 DELAYED FOREVER 😭🥀 #shorts,2025-05-06 02:37:31,1414857,5,"delayed, gta delayed, gta, 2026, delay, delayed 2026, delayed november, november",-0.8877,negative,negative,True,negative,-0.8877
VQRLujxTm3c,Grand Theft Auto VI Trailer 2,2025-05-06 13:29:04,182260579,7,"trailer, theft auto, theft, grand theft, grand, auto, auto vi, vi",-0.81,negative,neutral,False,negative,-0.81
yAi0MYo5Mzw,GTA 6 (Grand Theft Auto 6) - Official Trailer 2,2025-05-06 13:41:23,4906125,7,"trailer, theft auto, theft, grand theft, grand, auto, auto vi, vi",0.9391,positive,neutral,False,positive,0.9391
tnASE1zCzv8,Trailer 2 di Grand Theft Auto VI,2025-05-06 14:34:41,221068,7,"trailer, theft auto, theft, grand theft, grand, auto, auto vi, vi",0.8126,positive,neutral,False,positive,0.8126
oERfx8FkJfY,GTA 6 Trailer 2 • Reaction,2025-05-06 15:24:50,197108,-1,"UNCLUSTERED (gta, trailer, vi, gameplay, gta vi, gta trailer, look, auto)",0.891,positive,positive,True,positive,0.891
l6RRdTFuepk,Grand Theft Auto VI - Trailer 2 | PS5 Games,2025-05-06 15:35:27,5992064,-1,"UNCLUSTERED (gta, trailer, vi, gameplay, gta vi, gta trailer, look, auto)",-0.81,negative,neutral,False,negative,-0.81
_SWXDzG-uUw,GTA 6 TRAILER 2 REACTION | THE COSMIC BOY,2025-05-06 16:09:57,116425,-1,"UNCLUSTERED (gta, trailer, vi, gameplay, gta vi, gta trailer, look, auto)",-0.34,negative,neutral,False,negative,-0.34
QRHZXkD0RMc,GTA 6 TRAILER 3 😱,2025-05-06 16:45:43,775617,-1,"UNCLUSTERED (gta, trailer, vi, gameplay, gta vi, gta trailer, look, auto)",-0.891,negative,neutral,False,negative,-0.891
ou50lf9eIZY,Grand Theft Auto VI | Trailer 2,2025-05-06 17:04:01,130454,7,"trailer, theft auto, theft, grand theft, grand, auto, auto vi, vi",0.3818,positive,neutral,False,positive,0.3818
kNxIzL5YFdA,Grand Theft Auto VI Tráiler 2 | PlayStation España,2025-05-06 17:17:13,985502,-1,"UNCLUSTERED (gta, trailer, vi, gameplay, gta vi, gta trailer, look, auto)",0.925,positive,neutral,False,positive,0.925
5H5WlPJLycI,GTA 6 Trailer 2 Breakdown - SECRET DETAILS 🤫,2025-05-06 17:45:24,200642,-1,"UNCLUSTERED (gta, trailer, vi, gameplay, gta vi, gta trailer, look, auto)",-0.5994,negative,neutral,False,negative,-0.5994
_TslMcyrgqw,GTA VI TRAILER 2 RELEASED #shorts,2025-05-06 17:52:02,4600179,-1,"UNCLUSTERED (gta, trailer, vi, gameplay, gta vi, gta trailer, look, auto)",0.4824,positive,positive,True,positive,0.4824
cv041_93_0Q,Grand Theft Auto VI - Trailer 2 | PS5,2025-05-06 17:59:03,815280,7,"trailer, theft auto, theft, grand theft, grand, auto, auto vi, vi",0.3818,positive,neutral,False,positive,0.3818
F8V5IOfwpbw,How Lucia Changed in GTA 6 Trailer 2 vs Trailer 1 #gta6 #gta,2025-05-06 18:00:24,4094363,-1,"UNCLUSTERED (gta, trailer, vi, gameplay, gta vi, gta trailer, look, auto)",0.7777,positive,positive,True,positive,0.7777
Ny9U3VKzROI,Grand Theft Auto VI Trailer 2,2025-05-06 18:05:29,686501,7,"trailer, theft auto, theft, grand theft, grand, auto, auto vi, vi",-0.81,negative,neutral,False,negative,-0.81
E07OTlhncP0,iShowSpeed Reacts To Grand Theft Auto VI Trailer 2,2025-05-06 18:18:23,4697286,-1,"UNCLUSTERED (gta, trailer, vi, gameplay, gta vi, gta trailer, look, auto)",0.9277,positive,neutral,False,positive,0.9277
3LnGb6-ly_k,GTA 6 Trailer 2 Breakdown: Everything You MISSED!,2025-05-06 18:43:28,1067384,-1,"UNCLUSTERED (gta, trailer, vi, gameplay, gta vi, gta trailer, look, auto)",-0.6428,negative,neutral,False,negative,-0.6428
FdGtLEhmTNY,47 Things You MISSED in GTA 6 Trailer 2!,2025-05-06 19:21:32,1223455,-1,"UNCLUSTERED (gta, trailer, vi, gameplay, gta vi, gta trailer, look, auto)",-0.6125,negative,positive,False,negative,-0.6125
W8C5ApmnftU,Gta 6 trailer 2 Edit | Midnight City,2025-05-06 19:57:17,158055,-1,"UNCLUSTERED (gta, trailer, vi, gameplay, gta vi, gta trailer, look, auto)",0.0,neutral,neutral,True,neutral,0.0
0RjXLf78toE,GTA 6 delayed 💔,2025-05-06 20:24:04,1023266,5,"delayed, gta delayed, gta, 2026, delay, delayed 2026, delayed november, november",-0.0516,negative,negative,True,negative,-0.0516
3HlnF9FTdaM,Grand Theft Auto VI Trailer 2 In Hindi🔥,2025-05-06 22:33:08,161779,7,"trailer, theft auto, theft, grand theft, grand, auto, auto vi, vi",0.4753,positive,positive,True,positive,0.4753
nuGwALbR-1Q,Cinna reacts to GTA 6 Trailer 2!,2025-05-06 22:42:55,182201,-1,"UNCLUSTERED (gta, trailer, vi, gameplay, gta vi, gta trailer, look, auto)",0.2225,positive,neutral,False,positive,0.2225
wwnXNhCQTLc,GTA 6 Versus GTA 5 graphics comparison,2025-05-07 09:59:48,6000570,-1,"UNCLUSTERED (gta, trailer, vi, gameplay, gta vi, gta trailer, look, auto)",0.9274,positive,neutral,False,positive,0.9274
pxdT3zTbWiE,Top 5 GTA VI Features [Trailer 2],2025-05-07 12:01:33,414133,-1,"UNCLUSTERED (gta, trailer, vi, gameplay, gta vi, gta trailer, look, auto)",0.3818,positive,neutral,False,positive,0.3818
K6rVM6gn6k4,DUBLADO – GTA 6 | Trailer 2 (NÃO-IA),2025-05-07 12:40:28,833834,-1,"UNCLUSTERED (gta, trailer, vi, gameplay, gta vi, gta trailer, look, auto)",0.2714,positive,neutral,False,positive,0.2714
3jN8zWECIXc,GTA 6 DELAYED to 2026 😭,2025-05-07 14:18:18,928555,5,"delayed, gta delayed, gta, 2026, delay, delayed 2026, delayed november, november",-0.8877,negative,negative,True,negative,-0.8877
ToEQ8L6zDgk,PS6 in GTA 6 Trailer?! 😱,2025-05-07 14:27:15,9420893,-1,"UNCLUSTERED (gta, trailer, vi, gameplay, gta vi, gta trailer, look, auto)",-0.9047,negative,neutral,False,negative,-0.9047
0dSfJ7LkxpM,GTA 6 Trailer – Tamil Dub | Grand Theft Auto VI in Tamil! 🔥,2025-05-07 14:49:21,63860,-1,"UNCLUSTERED (gta, trailer, vi, gameplay, gta vi, gta trailer, look, auto)",0.9036,positive,positive,True,positive,0.9036
pMZW2U4RYh4,Lucia Looks Worse In Trailer 1? #gta6 #gta6trailer - DarkViperAU,2025-05-07 18:36:30,2881936,-1,"UNCLUSTERED (gta, trailer, vi, gameplay, gta vi, gta trailer, look, auto)",-0.8531,negative,neutral,False,negative,-0.8531
Cyl4yGwxHq8,GTA VI Trailer 2 - GTA 6 vs GTA 5,2025-05-07 18:37:00,2793509,8,"vs, trailer vs, vs gta, comparison, trailer, gta trailer, gta comparison, gta",0.4588,positive,neutral,False,positive,0.4588
JLmYX-ydY0k,POV: It's GTA 6 Launch Day!,2025-05-07 20:18:26,9639288,-1,"UNCLUSTERED (gta, trailer, vi, gameplay, gta vi, gta trailer, look, auto)",0.0,neutral,positive,False,neutral,0.0
4bB2byshgsE,TANGGAL RILIS GTA 6 #shorts #games,2025-05-08 07:30:03,482679,-1,"UNCLUSTERED (gta, trailer, vi, gameplay, gta vi, gta trailer, look, auto)",0.4019,positive,neutral,False,positive,0.4019
7EpNQY-kFxo,GTA 6 delay 😭,2025-05-08 18:49:00,4902919,5,"delayed, gta delayed, gta, 2026, delay, delayed 2026, delayed november, november",-0.8689,negative,negative,True,negative,-0.8689
Yz93J6ozgAk,GTA 6 Trailer 1 VS Trailer 2 - Improvements in Details!,2025-05-08 18:51:51,79985,8,"vs, trailer vs, vs gta, comparison, trailer, gta trailer, gta comparison, gta",0.6351,positive,neutral,False,positive,0.6351
nbLqT5a4tck,GTA 6 Behind The Scenes #gta6 #cyberpunk2077 #gta #shorts #fyp #gtasanandreas,2025-05-08 22:01:47,18412207,-1,"UNCLUSTERED (gta, trailer, vi, gameplay, gta vi, gta trailer, look, auto)",0.0,neutral,neutral,True,neutral,0.0
Ja168RncaKs,Consoles REACT to GTA VI TRAILER #shorts,2025-05-09 01:15:56,20308676,-1,"UNCLUSTERED (gta, trailer, vi, gameplay, gta vi, gta trailer, look, auto)",0.0,neutral,neutral,True,neutral,0.0
4-cIgfD59FI,Michael De Santa's Actor Reacts To GTA 6 Trailer 2 🌴,2025-05-09 07:38:32,133094,-1,"UNCLUSTERED (gta, trailer, vi, gameplay, gta vi, gta trailer, look, auto)",0.0,neutral,neutral,True,neutral,0.0
gM_d4zXFDSI,iShowSpeed's Still Disappointed On GTA 6 Release Date 💀 #ishowspeed #gta6 #edit,2025-05-09 14:35:35,3557358,-1,"UNCLUSTERED (gta, trailer, vi, gameplay, gta vi, gta trailer, look, auto)",-0.7351,negative,negative,True,negative,-0.7351
Bf4Tv7V2bQM,"Rockstar Made A ""Crazy"" Mistake In GTA 6 Trailer 2... #gta6 #gta6trailer - DarkViperAU",2025-05-09 14:46:17,3517017,-1,"UNCLUSTERED (gta, trailer, vi, gameplay, gta vi, gta trailer, look, auto)",-0.8805,negative,neutral,False,negative,-0.8805
CByfPcKWjhU,GTA 6 Trailer 2 On PS2 #gta6 #gta #shorts,2025-05-09 21:10:27,989373,-1,"UNCLUSTERED (gta, trailer, vi, gameplay, gta vi, gta trailer, look, auto)",0.0,neutral,neutral,True,neutral,0.0
dkEqoe06Vno,GTA 5 vs GTA 6 Graphics Comparison ! #gta6 #gta5 #2026,2025-05-10 12:18:52,3098406,2,"extended look, extended, look, gta extended, gta, gameplay, gta6 extended, vs gta",0.0,neutral,neutral,True,neutral,0.0
6hgd8D8D7og,GTA 6 Trailer 2 vs GTA 5 comparison,2025-05-10 20:03:31,1285101,8,"vs, trailer vs, vs gta, comparison, trailer, gta trailer, gta comparison, gta",0.0,neutral,neutral,True,neutral,0.0
tk3yC-BCU2I,GTA 6 Trailer vs GTA 5 Comparison,2025-05-10 20:04:11,5116883,8,"vs, trailer vs, vs gta, comparison, trailer, gta trailer, gta comparison, gta",0.0,neutral,neutral,True,neutral,0.0
4YFITBovAwo,Crazy Details in *GTA 6* Trailer 2 !,2025-05-11 04:30:03,1169833,-1,"UNCLUSTERED (gta, trailer, vi, gameplay, gta vi, gta trailer, look, auto)",-0.2924,negative,neutral,False,negative,-0.2924
Wq16CYvZqjw,GTA 6 Trailer 2 Mistake,2025-05-11 20:22:45,1276686,-1,"UNCLUSTERED (gta, trailer, vi, gameplay, gta vi, gta trailer, look, auto)",-0.8126,negative,negative,True,negative,-0.8126
GqkpXex6bGk,GTA 6 In The North Sea!? 😱,2025-05-11 23:54:36,5423932,-1,"UNCLUSTERED (gta, trailer, vi, gameplay, gta vi, gta trailer, look, auto)",-0.9108,negative,neutral,False,negative,-0.9108
NcYUamWqCQs,GTA VI Trailer 2 (Gta 6) - PS5 vs PS1 Graphics,2025-05-15 19:52:03,83345,-1,"UNCLUSTERED (gta, trailer, vi, gameplay, gta vi, gta trailer, look, auto)",-0.296,negative,neutral,False,negative,-0.296
DbQMvYWTtzw,GTA 6 Trailer 2 but it's GTA 5,2025-05-16 15:12:19,470370,7,"trailer, theft auto, theft, grand theft, grand, auto, auto vi, vi",0.8402,positive,neutral,False,positive,0.8402
3wGIheurnyo,GTA 6 Gameplay Leaked…,2025-05-16 16:47:38,4764905,0,"leaked, gameplay leaked, gameplay, gta, leaks, gta gameplay, gta leaked, leaked gameplay",0.0,neutral,neutral,True,neutral,0.0
axZp9CH8prU,GTA 6 Trailer 2 but it's PS2,2025-05-16 21:15:35,1256498,-1,"UNCLUSTERED (gta, trailer, vi, gameplay, gta vi, gta trailer, look, auto)",0.0,neutral,neutral,True,neutral,0.0
wjaq9hdihC4,GTA 6: CONFIRMED Features! | That you will see in GTA 6,2025-05-17 08:23:56,1815519,-1,"UNCLUSTERED (gta, trailer, vi, gameplay, gta vi, gta trailer, look, auto)",0.5837,positive,neutral,False,positive,0.5837
TaCnHy-xY4c,"GTA VI: Console in 2026, PC in 2028?",2025-05-17 12:28:17,8427299,-1,"UNCLUSTERED (gta, trailer, vi, gameplay, gta vi, gta trailer, look, auto)",0.6227,positive,neutral,False,positive,0.6227
H5eYBcjUsZc,GTA 6 Graphics vs. RDR2 Graphics #gta6 #gta6trailer #rdr2 - DarkViperAU,2025-05-18 05:00:17,2937810,-1,"UNCLUSTERED (gta, trailer, vi, gameplay, gta vi, gta trailer, look, auto)",0.2263,positive,neutral,False,positive,0.2263
_ozHNKt3qHc,MICHAEL RETURNS IN GTA 6 EASTER EGG,2025-05-20 19:04:27,4052448,-1,"UNCLUSTERED (gta, trailer, vi, gameplay, gta vi, gta trailer, look, auto)",0.7489,positive,neutral,False,positive,0.7489
4pYL5sIQw68,GTA 6 Trailer 2: 5 Realistic Details You Missed,2025-05-20 21:24:35,1453530,-1,"UNCLUSTERED (gta, trailer, vi, gameplay, gta vi, gta trailer, look, auto)",-0.4939,negative,neutral,False,negative,-0.4939
6D8h-ZKvGW8,Rockstar Testing GTA 6 FIRST LOOK On PS5🔥 #gta6 #shorts,2025-05-21 11:25:20,2225565,-1,"UNCLUSTERED (gta, trailer, vi, gameplay, gta vi, gta trailer, look, auto)",-0.75,negative,neutral,False,negative,-0.75
EMMuHOBs4c8,GTA 6 is downloading but you hear trumpets outside #gta6 #gta #gtavi #grandtheftauto #skit #comedy,2025-05-21 19:00:27,42989612,-1,"UNCLUSTERED (gta, trailer, vi, gameplay, gta vi, gta trailer, look, auto)",0.0,neutral,neutral,True,neutral,0.0
f8IZhKcuEts,GTA 6 | Trailer 2 - DUBLADO - Grand Theft Auto VI,2025-05-23 15:05:00,268058,7,"trailer, theft auto, theft, grand theft, grand, auto, auto vi, vi",0.7184,positive,neutral,False,positive,0.7184
y_NFD3N8Izo,Don't underestimate GTA 6 🔥💀 | Kuldeep Singhaniaa #shorts #gta6,2025-05-24 18:25:36,47359586,-1,"UNCLUSTERED (gta, trailer, vi, gameplay, gta vi, gta trailer, look, auto)",-0.2556,negative,positive,False,negative,-0.2556
7RkhkVFv7fI,GTA 6 New Leak Just Dropped!  #gta6 #gta #rockstargames #gta6leaks,2025-05-27 06:37:39,7681408,0,"leaked, gameplay leaked, gameplay, gta, leaks, gta gameplay, gta leaked, leaked gameplay",-0.8031,negative,positive,False,negative,-0.8031
72a3b_QDFUk,I Found Chop in GTA 6 Screenshots 💀❤️‍🩹,2025-06-03 13:08:52,6130065,-1,"UNCLUSTERED (gta, trailer, vi, gameplay, gta vi, gta trailer, look, auto)",0.0258,neutral,positive,False,neutral,0.0258
kaY7pJbYDy8,Grand Theft Auto VI Trailer 2 but in LEGO (4K),2025-06-05 23:35:29,1026658,-1,"UNCLUSTERED (gta, trailer, vi, gameplay, gta vi, gta trailer, look, auto)",-0.2375,negative,neutral,False,negative,-0.2375
YST4zZar4Uo,What Cover Art Will GTA 6 Use? 🤷🏻‍♂️,2025-06-09 19:47:04,4117,3,"cover art, art, cover, gta cover, pre orders, orders, pre, gta",0.0,neutral,neutral,True,neutral,0.0
IbbwCEWudbc,The HIDDEN SECRET In GTA Artwork🤫 || #shorts #gta5 #gta6 #grandtheftauto5,2025-06-12 09:00:24,47380,-1,"UNCLUSTERED (gta, trailer, vi, gameplay, gta vi, gta trailer, look, auto)",0.0,neutral,neutral,True,neutral,0.0
SOIzTJ6qfPQ,Did Jason Look Worse In Trailer 1? #gta6 #gtavi - DarkViperAU,2025-06-18 18:00:23,1071309,-1,"UNCLUSTERED (gta, trailer, vi, gameplay, gta vi, gta trailer, look, auto)",-0.9034,negative,neutral,False,negative,-0.9034
xmuz18rj9yM,POV: GTA6 Gets Delayed,2025-06-21 21:21:01,2271054,-1,"UNCLUSTERED (gta, trailer, vi, gameplay, gta vi, gta trailer, look, auto)",-0.4215,negative,negative,True,negative,-0.4215
5ac5Jo4PF3o,gta 7 launch map #gta6 #vicecity,2025-06-28 06:37:19,1485341,-1,"UNCLUSTERED (gta, trailer, vi, gameplay, gta vi, gta trailer, look, auto)",0.0,neutral,neutral,True,neutral,0.0
YJ_BuBPSRlk,The perfect GTA 6 launch day?,2025-06-30 15:28:56,1842589,-1,"UNCLUSTERED (gta, trailer, vi, gameplay, gta vi, gta trailer, look, auto)",0.8941,positive,positive,True,positive,0.8941
xCHELRzUPLM,GTA 6 IS FINALLY ...,2025-07-06 15:19:46,1855979,-1,"UNCLUSTERED (gta, trailer, vi, gameplay, gta vi, gta trailer, look, auto)",0.8258,positive,positive,True,positive,0.8258
-SllA4SA7R8,GTA VI DELAYED AGAIN #shorts,2025-07-31 00:36:57,7525919,5,"delayed, gta delayed, gta, 2026, delay, delayed 2026, delayed november, november",-0.8647,negative,negative,True,negative,-0.8647
yQs2VFONK9k,GTA 6 Might be Getting Delayed Again,2025-08-04 00:39:10,3314677,5,"delayed, gta delayed, gta, 2026, delay, delayed 2026, delayed november, november",-0.4215,negative,negative,True,negative,-0.4215
5M9-9h9vcFg,GTA 6 Release Day 🔥,2025-08-15 21:45:02,2647328,6,"release, release date, date, gta release, gta, date confirmed, gta releases, releases",-0.3182,negative,positive,False,negative,-0.3182
MGy5Zu-QP6o,GTA V - After May 26 2026 😭🥀,2025-08-21 13:28:05,6368823,-1,"UNCLUSTERED (gta, trailer, vi, gameplay, gta vi, gta trailer, look, auto)",0.8221,positive,neutral,False,positive,0.8221
HEJm-YhTVlc,"GTA 4, GTA 5, GTA 6, GTA 7 Release Dates #gta #gta4 #gta5 #gta6 #gta7",2025-08-25 23:05:29,691349,6,"release, release date, date, gta release, gta, date confirmed, gta releases, releases",0.0,neutral,neutral,True,neutral,0.0
vDlS6muY6R4,GTA 6 on Every PlayStation Console!,2025-09-06 20:19:34,3266328,-1,"UNCLUSTERED (gta, trailer, vi, gameplay, gta vi, gta trailer, look, auto)",0.7263,positive,positive,True,positive,0.7263
dWJlC9HNL50,GTA 6 vs GTA 7 Trailer Comparison #gta6 #gta7,2025-09-10 08:54:56,304934,8,"vs, trailer vs, vs gta, comparison, trailer, gta trailer, gta comparison, gta",0.296,positive,neutral,False,positive,0.296
mpNeFT-vAM8,GTA 6 Trailer vs GTA 5 Comparison,2025-09-12 13:15:09,12917250,8,"vs, trailer vs, vs gta, comparison, trailer, gta trailer, gta comparison, gta",0.5622,positive,neutral,False,positive,0.5622
0bZcTRFXHOA,GTA 6 Leaked Gameplay Shorts | First Look 2025,2025-09-13 09:36:34,178494,-1,"UNCLUSTERED (gta, trailer, vi, gameplay, gta vi, gta trailer, look, auto)",-0.3382,negative,positive,False,negative,-0.3382
qr5tDf88cUo,What Happen To GTA Online After GTA6 Release #shorts,2025-09-14 05:00:52,2097202,-1,"UNCLUSTERED (gta, trailer, vi, gameplay, gta vi, gta trailer, look, auto)",0.0,neutral,neutral,True,neutral,0.0
n5U51oHhlpI,GTA 6 Dancing Looks TOO Real |  Nightclubs Will Blow Your Mind,2025-09-14 12:21:03,8637189,-1,"UNCLUSTERED (gta, trailer, vi, gameplay, gta vi, gta trailer, look, auto)",0.7424,positive,positive,True,positive,0.7424
e2KPZm3K-h8,GTA 7 Release Date Out! 😲 GTA 6 Se Pehle! #gta6 #gta7 #gaming,2025-09-15 11:49:38,1587198,-1,"UNCLUSTERED (gta, trailer, vi, gameplay, gta vi, gta trailer, look, auto)",0.7482,positive,neutral,False,positive,0.7482
HcDe9AeR8nk,5 GTA 6 Trailer 2 Mistakes You Missed,2025-09-15 20:15:22,621791,-1,"UNCLUSTERED (gta, trailer, vi, gameplay, gta vi, gta trailer, look, auto)",-0.7845,negative,neutral,False,negative,-0.7845
DZeCd9m-Fnc,GTA 5 vs GTA 6 – The Ultimate Comparison 🔥,2025-09-29 13:15:02,6361358,2,"extended look, extended, look, gta extended, gta, gameplay, gta6 extended, vs gta",-0.5052,negative,positive,False,negative,-0.5052
_s66bsv4kGA,Trailer 1 VS Trailer 2 #GTA6,2025-10-05 22:04:03,68936,-1,"UNCLUSTERED (gta, trailer, vi, gameplay, gta vi, gta trailer, look, auto)",0.6369,positive,positive,True,positive,0.6369
vRouo1agpPM,GTA6 box art REVEALED ...by us?! #gta #gta6 #podcast #gaming #gta5 #gtav #gtaonline #rockstargames,2025-10-09 16:53:29,4457,-1,"UNCLUSTERED (gta, trailer, vi, gameplay, gta vi, gta trailer, look, auto)",0.0,neutral,neutral,True,neutral,0.0
WqHqy5EHdHI,grand theft auto Vi logo acrylic color paint art dual color combo 🌟 #gta6 #gta,2025-10-10 06:04:29,47204,-1,"UNCLUSTERED (gta, trailer, vi, gameplay, gta vi, gta trailer, look, auto)",0.7184,positive,neutral,False,positive,0.7184
dShzOTXnxqE,I PLAYED GTA 6 FANMADES,2025-10-25 09:24:25,14163882,-1,"UNCLUSTERED (gta, trailer, vi, gameplay, gta vi, gta trailer, look, auto)",0.901,positive,positive,True,positive,0.901
jnKDWoDe_Uo,Techno Gamerz Playing GTA 6! 😱🔥 | Epic Gameplay Reveal #shorts 😱#gamer  @TechnoGamerzOfficial,2025-10-26 06:30:23,1576508,-1,"UNCLUSTERED (gta, trailer, vi, gameplay, gta vi, gta trailer, look, auto)",-0.9864,negative,positive,False,negative,-0.9864
cvFBUSTKhrc,GTA 6’s Launch Day Will Be a Massive Headache… #gaming,2025-10-26 12:09:23,286889,-1,"UNCLUSTERED (gta, trailer, vi, gameplay, gta vi, gta trailer, look, auto)",0.0,neutral,negative,False,neutral,0.0
wvtTHrlu3ck,GTA 6’s Release Date Might Change 👀 May 2026 Isn’t Final | Rockstar Delay Rumors #GTA6 #gaming,2025-10-29 17:20:07,3950,-1,"UNCLUSTERED (gta, trailer, vi, gameplay, gta vi, gta trailer, look, auto)",-0.8466,negative,neutral,False,negative,-0.8466
fR0W0hKEO-E,Big Update On GTA6 Delay Fans Are Angry #shorts,2025-10-30 05:00:58,170635,-1,"UNCLUSTERED (gta, trailer, vi, gameplay, gta vi, gta trailer, look, auto)",-0.9413,negative,negative,True,negative,-0.9413
iXRWQH5VmOs,GTA 6 DELAYED UNTIL NOVEMBER 2026 (Reaction),2025-11-06 21:47:15,23095,5,"delayed, gta delayed, gta, 2026, delay, delayed 2026, delayed november, november",-0.5371,negative,negative,True,negative,-0.5371
3B44qhd8UZE,GTA 6 was delayed to November 2026,2025-11-06 21:56:58,14888,5,"delayed, gta delayed, gta, 2026, delay, delayed 2026, delayed november, november",-0.4215,negative,negative,True,negative,-0.4215
wQB2kN495ls,GTA 6 Has Been Officially Delayed… Again,2025-11-06 22:00:54,210133,5,"delayed, gta delayed, gta, 2026, delay, delayed 2026, delayed november, november",0.8253,positive,neutral,False,positive,0.8253
xLSndGFVxw8,"GTA 6 Delayed Again To November 19, 2026",2025-11-06 22:10:52,5918,5,"delayed, gta delayed, gta, 2026, delay, delayed 2026, delayed november, november",-0.34,negative,neutral,False,negative,-0.34
yX5W309C71I,iShowSpeed Reacts To GTA 6 Getting Delayed..,2025-11-06 22:36:07,501229,-1,"UNCLUSTERED (gta, trailer, vi, gameplay, gta vi, gta trailer, look, auto)",-0.2462,negative,neutral,False,negative,-0.2462
nSOxwpvusLY,GTA 6 Delayed AGAIN 😭,2025-11-06 22:58:12,4721462,5,"delayed, gta delayed, gta, 2026, delay, delayed 2026, delayed november, november",-0.8402,negative,negative,True,negative,-0.8402
NE_fRwZxpY8,GTA 6 Delayed To November 2026 - Luke Reacts,2025-11-06 23:30:08,131506,-1,"UNCLUSTERED (gta, trailer, vi, gameplay, gta vi, gta trailer, look, auto)",-0.5242,negative,neutral,False,negative,-0.5242
DmQMUN4dV_4,Rockstar KEEPS PLAYING WITH OUR EMOTIONS!! GTA 6 Delayed...AGAIN,2025-11-07 00:01:13,33678,-1,"UNCLUSTERED (gta, trailer, vi, gameplay, gta vi, gta trailer, look, auto)",0.8092,positive,negative,False,positive,0.8092
jG3dS1c6QE4,GTA 6 Is Delayed AGAIN To November 2026…,2025-11-07 00:37:15,123271,5,"delayed, gta delayed, gta, 2026, delay, delayed 2026, delayed november, november",0.8271,positive,neutral,False,positive,0.8271
-gBlOu3k17s,"GTA 6 DELAYED, CRASHOUT STREAM",2025-11-07 01:07:23,160383,-1,"UNCLUSTERED (gta, trailer, vi, gameplay, gta vi, gta trailer, look, auto)",-0.4707,negative,neutral,False,negative,-0.4707
GgacR6UtNGE,GTA 6 delayed again😭,2025-11-07 02:07:53,2005534,5,"delayed, gta delayed, gta, 2026, delay, delayed 2026, delayed november, november",-0.8402,negative,negative,True,negative,-0.8402
WdvfseY02dM,GTA 6 DELAYED AGAIIIINNNNNN!!!!! Aye Uthale Re Baba 😭😭😭😭😭😭,2025-11-07 05:52:11,96044,5,"delayed, gta delayed, gta, 2026, delay, delayed 2026, delayed november, november",-0.9921,negative,negative,True,negative,-0.9921
eYpqegM1_W4,"WORST NEWS….GTA 6 Delayed Again, But Why? 😭 | Real Reasons | Rockstar in Huge Trouble 😱 | GTA Recap",2025-11-07 14:49:21,183386,-1,"UNCLUSTERED (gta, trailer, vi, gameplay, gta vi, gta trailer, look, auto)",-0.9917,negative,negative,True,negative,-0.9917
iMwn9tGCFYM,GTA 6 IS DELAYED AGAIN,2025-11-07 22:52:31,404361,5,"delayed, gta delayed, gta, 2026, delay, delayed 2026, delayed november, november",-0.6447,negative,negative,True,negative,-0.6447
sTJ9Ofr6lj0,GTA fans after hearing GRAND THEFT AUTO 6 was Delayed AGAIN!,2025-11-08 19:48:41,273621,-1,"UNCLUSTERED (gta, trailer, vi, gameplay, gta vi, gta trailer, look, auto)",0.6542,positive,negative,False,positive,0.6542
2q4NtELFVDY,REAL Reason GTA 6 Got Delayed (Nobody’s Talking About This),2025-11-09 15:19:29,79167,5,"delayed, gta delayed, gta, 2026, delay, delayed 2026, delayed november, november",-0.8268,negative,neutral,False,negative,-0.8268
HYKUArt7czs,GTA6 Delayed until Nov 2026 - GTA VI O'clock - Episode 97,2025-11-12 19:41:59,15551,5,"delayed, gta delayed, gta, 2026, delay, delayed 2026, delayed november, november",-0.8336,negative,neutral,False,negative,-0.8336
qeI_8T7fFZU,The Reason GTA 6 Got Delayed,2025-11-12 20:00:07,635808,5,"delayed, gta delayed, gta, 2026, delay, delayed 2026, delayed november, november",-0.4753,negative,neutral,False,negative,-0.4753
Tz79pgnLpCE,GTA 6 in 2026 (maybe),2025-11-13 11:09:23,2198352,-1,"UNCLUSTERED (gta, trailer, vi, gameplay, gta vi, gta trailer, look, auto)",0.5696,positive,neutral,False,positive,0.5696
ONt_dcjOnXA,11 Years Passed & GTA 6 Is Still Getting DELAYED! WHY? #shorts,2025-11-16 00:30:19,10318249,5,"delayed, gta delayed, gta, 2026, delay, delayed 2026, delayed november, november",-0.4266,negative,negative,True,negative,-0.4266
X4DMTiT9eTM,Grand Theft Auto VI Trailer 1 in 4k 60fps with AI,2025-11-17 22:04:20,52072,-1,"UNCLUSTERED (gta, trailer, vi, gameplay, gta vi, gta trailer, look, auto)",0.8074,positive,neutral,False,positive,0.8074
TLxo7oKUFuc,Is GTA VI Still Coming in 2026? The Truth Behind Rockstar’s Delay,2025-11-19 05:30:14,20732,-1,"UNCLUSTERED (gta, trailer, vi, gameplay, gta vi, gta trailer, look, auto)",0.9003,positive,neutral,False,positive,0.9003
E08lIsyoePc,When GTA 6 Finally Comes Out...,2025-11-29 14:00:33,2374509,6,"release, release date, date, gta release, gta, date confirmed, gta releases, releases",0.9112,positive,positive,True,positive,0.9112
miOw6e89De0,Why GTA 6 will suck.,2026-01-30 16:06:37,2226607,-1,"UNCLUSTERED (gta, trailer, vi, gameplay, gta vi, gta trailer, look, auto)",-0.7003,negative,negative,True,negative,-0.7003
g1Z4s2m8qGk,Why GTA 6 is Delayed?,2026-02-03 05:41:02,983585,5,"delayed, gta delayed, gta, 2026, delay, delayed 2026, delayed november, november",0.9301,positive,positive,True,positive,0.9301
2QQnX0lXOn4,"GTA 6 Release Date Is On Track According To Take Two, So Is November REALLY Locked In?",2026-02-05 09:30:00,18688,-1,"UNCLUSTERED (gta, trailer, vi, gameplay, gta vi, gta trailer, look, auto)",0.6327,positive,neutral,False,positive,0.6327
TCFAHjUFwgY,GTA 6 FINALLY Has a Release Date! Everything We Know So Far,2026-03-10 19:44:11,1942,6,"release, release date, date, gta release, gta, date confirmed, gta releases, releases",0.3786,positive,positive,True,positive,0.3786
zWWtOGWMhM8,GTA 6 DELAYED AGAIN!?!?! #gta6 #gta6delay #rockstar #gaming,2026-04-01 05:37:46,34138,5,"delayed, gta delayed, gta, 2026, delay, delayed 2026, delayed november, november",-0.8123,negative,neutral,False,negative,-0.8123
4fM1kckTKao,GTA 6 Leaked Copy - GTA VI PS5 Disc Unboxing & Gameplay 😱,2026-04-01 06:20:19,81586,-1,"UNCLUSTERED (gta, trailer, vi, gameplay, gta vi, gta trailer, look, auto)",-0.9678,negative,neutral,False,negative,-0.9678
ylmbmHqBXt4,GTA 6 Cover Art Might Be Closer Than We Think,2026-04-05 15:30:26,3695,-1,"UNCLUSTERED (gta, trailer, vi, gameplay, gta vi, gta trailer, look, auto)",0.7227,positive,neutral,False,positive,0.7227
LX9eyNB7RUU,GTA 6 to be Delayed again? 😳,2026-04-13 11:30:16,173740,5,"delayed, gta delayed, gta, 2026, delay, delayed 2026, delayed november, november",-0.7929,negative,negative,True,negative,-0.7929
gkmyVnXea4s,Grand Theft Auto VI - Trailer 2 in 8K 60 FPS,2026-04-17 17:08:00,203694,-1,"UNCLUSTERED (gta, trailer, vi, gameplay, gta vi, gta trailer, look, auto)",-0.8402,negative,neutral,False,negative,-0.8402
5fW71bKETJE,"Looking Back at GTA 6 Trailer 2, 1 Year Later...",2026-05-07 10:45:37,287421,-1,"UNCLUSTERED (gta, trailer, vi, gameplay, gta vi, gta trailer, look, auto)",0.4135,positive,positive,True,positive,0.4135
V8J3ct2jmqY,GTA 6 Release Date is LOCKED?!😱🔒,2026-05-13 09:00:39,478893,-1,"UNCLUSTERED (gta, trailer, vi, gameplay, gta vi, gta trailer, look, auto)",-0.4843,negative,neutral,False,negative,-0.4843
wCAKVSKm0-A,GTA 6 Is Officially Being Delayed Again…,2026-05-20 19:33:29,367588,5,"delayed, gta delayed, gta, 2026, delay, delayed 2026, delayed november, november",-0.4215,negative,negative,True,negative,-0.4215
P5XfXNXL07U,GTA 6 Delays?!,2026-05-23 13:11:24,96410,5,"delayed, gta delayed, gta, 2026, delay, delayed 2026, delayed november, november",0.0,neutral,negative,False,neutral,0.0
p7h8L77alns,GTA6 would have launched TODAY 😭,2026-05-26 17:16:53,938316,-1,"UNCLUSTERED (gta, trailer, vi, gameplay, gta vi, gta trailer, look, auto)",-0.6369,negative,positive,False,negative,-0.6369
6N9GqSmq64E,GTA 6 Delayed Until 2027?! 😭,2026-06-12 19:21:26,110626,5,"delayed, gta delayed, gta, 2026, delay, delayed 2026, delayed november, november",-0.8327,negative,negative,True,negative,-0.8327
EiQEBYDox_k,Grand Theft Auto VI: Official Cover Art Reveal,2026-06-18 13:03:29,15288030,-1,"UNCLUSTERED (gta, trailer, vi, gameplay, gta vi, gta trailer, look, auto)",0.8402,positive,neutral,False,positive,0.8402
INjHGpMRjRA,Grand Theft Auto VI: Official Cover Art Reveal,2026-06-18 13:04:25,4303572,-1,"UNCLUSTERED (gta, trailer, vi, gameplay, gta vi, gta trailer, look, auto)",0.8402,positive,neutral,False,positive,0.8402
evtZ-L7FIbw,Grand Theft Auto VI: Official Cover Art Reveal,2026-06-18 13:09:33,113354,-1,"UNCLUSTERED (gta, trailer, vi, gameplay, gta vi, gta trailer, look, auto)",0.8402,positive,neutral,False,positive,0.8402
1_mms8G8Cbc,Grand Theft Auto VI: Revelação da arte de capa oficial,2026-06-18 13:16:43,137275,-1,"UNCLUSTERED (gta, trailer, vi, gameplay, gta vi, gta trailer, look, auto)",0.8402,positive,neutral,False,positive,0.8402
gqxcFuZ--Xk,Grand Theft Auto VI: Enthüllung des offiziellen Cover-Artworks,2026-06-18 13:19:42,40852,-1,"UNCLUSTERED (gta, trailer, vi, gameplay, gta vi, gta trailer, look, auto)",0.8402,positive,neutral,False,positive,0.8402
_WsbjXoiVe0,GTA 6 Pre Orders & Cover Art!,2026-06-18 13:33:59,70582,3,"cover art, art, cover, gta cover, pre orders, orders, pre, gta",0.6981,positive,positive,True,positive,0.6981
TBZbweV3hZg,GRAND THEFT AUTO 6 Official Cover Art Reveal REACTION!,2026-06-18 13:41:41,7221,3,"cover art, art, cover, gta cover, pre orders, orders, pre, gta",0.9569,positive,positive,True,positive,0.9569
aonTwBM1AZM,GTA 6 - Official Main Theme Music,2026-06-18 13:48:14,1739579,-1,"UNCLUSTERED (gta, trailer, vi, gameplay, gta vi, gta trailer, look, auto)",0.4588,positive,neutral,False,positive,0.4588
D7Oq4X9JXoU,GTA 6 Cover Art Reveal & Pre-Orders,2026-06-18 14:04:34,70889,3,"cover art, art, cover, gta cover, pre orders, orders, pre, gta",0.0,neutral,neutral,True,neutral,0.0
vwnGaNxNbdM,GTA 6 PREORDERS AND COVER ART IS OUT!,2026-06-18 14:24:08,89304,3,"cover art, art, cover, gta cover, pre orders, orders, pre, gta",0.9689,positive,positive,True,positive,0.9689
vuA76euEkp4,GTA 6 Cover Art Analysis,2026-06-18 14:25:44,6997,3,"cover art, art, cover, gta cover, pre orders, orders, pre, gta",0.5023,positive,neutral,False,positive,0.5023
7bHagE-5dAc,GTA 6 Cover Art REVEALS New Character,2026-06-18 14:38:05,38931,3,"cover art, art, cover, gta cover, pre orders, orders, pre, gta",0.0,neutral,neutral,True,neutral,0.0
V-y3RkN_42s,GTA 6 – OFFICIAL MAIN THEME & OFFICIAL COVER ART,2026-06-18 14:39:01,6333,-1,"UNCLUSTERED (gta, trailer, vi, gameplay, gta vi, gta trailer, look, auto)",0.8481,positive,positive,True,positive,0.8481
0FH3teEpgs4,10 Things You MISSED In GTA 6's OFFICIAL Cover Art Reveal!,2026-06-18 15:00:26,22643,-1,"UNCLUSTERED (gta, trailer, vi, gameplay, gta vi, gta trailer, look, auto)",0.6974,positive,neutral,False,positive,0.6974
3uYHVAs3DeE,GTA 6 Official Cover Art & Pre Orders REVEALED..,2026-06-18 15:03:25,291876,3,"cover art, art, cover, gta cover, pre orders, orders, pre, gta",0.5093,positive,positive,True,positive,0.5093
VD8cHPoI8-o,"OFFICIAL: GTA 6 Pre-Orders Go Live June 25, Cover Art Reveal, New Screenshot, Main Theme Reveal",2026-06-18 15:19:57,282932,3,"cover art, art, cover, gta cover, pre orders, orders, pre, gta",0.7506,positive,positive,True,positive,0.7506
PzsPzEddpxU,GTA 6 Cover Girl Revel? #gta #gta6 #gta6trailer #rockstargames,2026-06-18 15:41:38,1068096,-1,"UNCLUSTERED (gta, trailer, vi, gameplay, gta vi, gta trailer, look, auto)",0.9238,positive,positive,True,positive,0.9238
gWtu1vHaY58,GTA 6 PRE-ORDERS ARE HERE! BREAKING DOWN NEW COVER ART!,2026-06-18 16:27:44,167387,3,"cover art, art, cover, gta cover, pre orders, orders, pre, gta",0.9689,positive,positive,True,positive,0.9689
9I-LaTDsttE,GTA 6 Theme Song (Possible) – Cover Art Reveal Theme (Extended),2026-06-18 17:05:35,96220,-1,"UNCLUSTERED (gta, trailer, vi, gameplay, gta vi, gta trailer, look, auto)",0.7783,positive,neutral,False,positive,0.7783
ECkiFF_UORs,Youtubers and Streamers React To GTA 6 Official Cover Art Reveal | IT'S OFFICIAL!,2026-06-18 17:22:12,57805,-1,"UNCLUSTERED (gta, trailer, vi, gameplay, gta vi, gta trailer, look, auto)",0.6219,positive,positive,True,positive,0.6219
LIoI8fTuv9Q,GTA 6 Cover Art and Pre-Orders 🔥 #gta6 #gta #rockstargames #skit,2026-06-18 17:40:03,126243,3,"cover art, art, cover, gta cover, pre orders, orders, pre, gta",-0.5859,negative,positive,False,negative,-0.5859
RyC5jexDH8Y,GTA 6 official cover art is UNREAL 😭 #gta6 #gta6trailer #grandtheftauto #rockstargames,2026-06-18 18:48:29,31971,3,"cover art, art, cover, gta cover, pre orders, orders, pre, gta",-0.8519,negative,positive,False,negative,-0.8519
Plj61Q6XtUM,*ALL* GTA 6 Pre Order Bundles & Prices!,2026-06-18 19:16:15,69124,-1,"UNCLUSTERED (gta, trailer, vi, gameplay, gta vi, gta trailer, look, auto)",0.555,positive,neutral,False,positive,0.555
dXeIRwV9AeE,GTA 6 Pre-Orders Are Here 😍 New Gameplay [Explained],2026-06-18 19:31:45,64460,4,"pre, pre order, order, gta pre, order gta, gta, orders, pre orders",0.7184,positive,positive,True,positive,0.7184
rgF56tLoLYo,Grand Theft Auto VI: GUITAR COVER Art Reveal Song,2026-06-18 21:40:36,33406,-1,"UNCLUSTERED (gta, trailer, vi, gameplay, gta vi, gta trailer, look, auto)",0.8455,positive,neutral,False,positive,0.8455
vpiVQXKnYLk,GTA 6 had its cover art reveal,2026-06-18 23:21:06,1337942,3,"cover art, art, cover, gta cover, pre orders, orders, pre, gta",0.0,neutral,positive,False,neutral,0.0
FrgxOMVo3rs,GTA 6 Cover Art & Pre-Order Reaction!,2026-06-19 02:50:39,199481,3,"cover art, art, cover, gta cover, pre orders, orders, pre, gta",0.7896,positive,positive,True,positive,0.7896
A6yBHO2rXW4,GTA 6 Priced At $100? Cover Art Is Here! Eating the GTA crumbs with chat,2026-06-19 03:46:29,14132,-1,"UNCLUSTERED (gta, trailer, vi, gameplay, gta vi, gta trailer, look, auto)",0.0,neutral,neutral,True,neutral,0.0
JgpCm5OefmA,GTA 6 Is Finally Happening *POSTER Revealed* + Price Reveal?,2026-06-19 08:52:14,7772,-1,"UNCLUSTERED (gta, trailer, vi, gameplay, gta vi, gta trailer, look, auto)",-0.3187,negative,positive,False,negative,-0.3187
Sb2pukhFaTs,Every Detail in the GTA 6 Cover Art Explained,2026-06-19 09:08:05,75492,-1,"UNCLUSTERED (gta, trailer, vi, gameplay, gta vi, gta trailer, look, auto)",0.4767,positive,neutral,False,positive,0.4767
M8k2ZXe5Rb8,GTA 6's Cover Art Has Me Concerned...,2026-06-19 11:58:52,23434,3,"cover art, art, cover, gta cover, pre orders, orders, pre, gta",0.4215,positive,neutral,False,positive,0.4215
XE-LkW-lAgc,GTA 6 Cover Breakdown | Easter Eggs & New Artwork ,2026-06-19 19:13:47,11665,-1,"UNCLUSTERED (gta, trailer, vi, gameplay, gta vi, gta trailer, look, auto)",0.8858,positive,neutral,False,positive,0.8858
wzFW9XZf6pA,An Unhealthy Amount of Time Spent Analyzing the GTA 6 Footage & Box Art,2026-06-20 02:57:08,370204,-1,"UNCLUSTERED (gta, trailer, vi, gameplay, gta vi, gta trailer, look, auto)",-0.1027,negative,neutral,False,negative,-0.1027
kyLm8WwIq2c,GTA VI Theme Cover?,2026-06-20 14:21:31,116096,-1,"UNCLUSTERED (gta, trailer, vi, gameplay, gta vi, gta trailer, look, auto)",0.0,neutral,neutral,True,neutral,0.0
HsccXR0A7kU,HIDDEN Details in the GTA 6 Cover Art 😱,2026-06-20 15:17:34,993981,3,"cover art, art, cover, gta cover, pre orders, orders, pre, gta",-0.891,negative,neutral,False,negative,-0.891
xeuk0QuxOEQ,New GTA 6 Cover Art Girl,2026-06-20 21:30:02,1524299,-1,"UNCLUSTERED (gta, trailer, vi, gameplay, gta vi, gta trailer, look, auto)",0.8126,positive,positive,True,positive,0.8126
NZmX__FvuLQ,People Are Starting To Believe GTA 6 Is Going To Be Delayed Again…,2026-06-20 22:47:25,268898,5,"delayed, gta delayed, gta, 2026, delay, delayed 2026, delayed november, november",-0.4215,negative,negative,True,negative,-0.4215
aO_ZjJyUZ6M,My Honest Reaction to GTA 6’s Cover Art,2026-06-22 19:23:43,17847,-1,"UNCLUSTERED (gta, trailer, vi, gameplay, gta vi, gta trailer, look, auto)",0.872,positive,neutral,False,positive,0.872
Z2bJwEtOvmU,When GTA 6 Drops...,2026-06-23 13:48:41,97293,-1,"UNCLUSTERED (gta, trailer, vi, gameplay, gta vi, gta trailer, look, auto)",-0.9231,negative,positive,False,negative,-0.9231
b6Fvts8yhCE,Preordering GTA 6 Feels Kinda Pointless... #gaming,2026-06-23 14:42:40,809013,-1,"UNCLUSTERED (gta, trailer, vi, gameplay, gta vi, gta trailer, look, auto)",0.0,neutral,negative,False,neutral,0.0
Sr4PGASpjvo,Do NOT Pre Order GTA 6...,2026-06-23 15:00:35,1948804,4,"pre, pre order, order, gta pre, order gta, gta, orders, pre orders",0.0,neutral,negative,False,neutral,0.0
bq2Nj4rrF7k,What Day 1 of GTA 6's Launch Will Really Look Like!?,2026-06-23 15:30:13,269214,-1,"UNCLUSTERED (gta, trailer, vi, gameplay, gta vi, gta trailer, look, auto)",-0.2521,negative,neutral,False,negative,-0.2521
ZWkFWL8HYv8,"OFFICIAL: GTA 6 Pre-Orders Go Live at Midnight! $100 Ultimate Edition, New Screenshots & more",2026-06-24 12:04:02,456848,4,"pre, pre order, order, gta pre, order gta, gta, orders, pre orders",0.7896,positive,positive,True,positive,0.7896
i_kzizo4bNU,How to pre-order GTA 6 on PS5,2026-06-24 12:52:47,6799,4,"pre, pre order, order, gta pre, order gta, gta, orders, pre orders",0.3818,positive,neutral,False,positive,0.3818
8czBORBLFZQ,How to get Ready for GTA 6 Pre Order Day,2026-06-24 13:18:25,3768991,-1,"UNCLUSTERED (gta, trailer, vi, gameplay, gta vi, gta trailer, look, auto)",0.6124,positive,neutral,False,positive,0.6124
khcSJhh7XLM,GTA 6 Pre-Orders Are FINALLY Here! 😱 I Bought The $100 Ultimate Edition,2026-06-24 13:30:09,65755,4,"pre, pre order, order, gta pre, order gta, gta, orders, pre orders",-0.9039,negative,positive,False,negative,-0.9039
U016FTHT804,"GTA 6 NEWS - Pre-orders LIVE, Ultimate Edition & Physical Copy!?",2026-06-24 14:29:32,208905,-1,"UNCLUSTERED (gta, trailer, vi, gameplay, gta vi, gta trailer, look, auto)",0.4261,positive,positive,True,positive,0.4261
39TM6jFR3YE,Who Is The GTA 6 Cover Girl? #funfact,2026-06-24 16:00:11,7799713,-1,"UNCLUSTERED (gta, trailer, vi, gameplay, gta vi, gta trailer, look, auto)",0.0,neutral,neutral,True,neutral,0.0
wQ1KM1_Sbmk,GTA 6 Price & Ultimate Edition REVEALED,2026-06-24 16:45:07,858953,-1,"UNCLUSTERED (gta, trailer, vi, gameplay, gta vi, gta trailer, look, auto)",0.765,positive,positive,True,positive,0.765
2FYJOp8fFEY,Here we goo dostoo gta 6 finally pre order in india started❤️❤️❤️ #gtaworld #gtamemes #ron9ie,2026-06-24 18:54:37,1281518,-1,"UNCLUSTERED (gta, trailer, vi, gameplay, gta vi, gta trailer, look, auto)",0.0,neutral,positive,False,neutral,0.0
_2j2oKhHlzM,GTA 6 Preorder Live Tamil Gaming,2026-06-24 19:45:58,81522,-1,"UNCLUSTERED (gta, trailer, vi, gameplay, gta vi, gta trailer, look, auto)",0.4442,positive,neutral,False,positive,0.4442
w7JECF-JSyY,Let's Pre-Order GTA 6 Together on PS5 😭🔴,2026-06-24 19:59:52,36812,4,"pre, pre order, order, gta pre, order gta, gta, orders, pre orders",0.2481,positive,positive,True,positive,0.2481
jg9LIwNgtKc,DO NOT Pre-Order GTA 6 Without Watching This | Standard vs Ultimate Explained,2026-06-24 20:40:26,101785,-1,"UNCLUSTERED (gta, trailer, vi, gameplay, gta vi, gta trailer, look, auto)",0.0,neutral,neutral,True,neutral,0.0
IXaSleDdBn4,GTA 6 Pre-Orders Are HERE! Official India Price Revealed,2026-06-24 21:19:43,36808,4,"pre, pre order, order, gta pre, order gta, gta, orders, pre orders",0.0,neutral,positive,False,neutral,0.0
ap385Ai3XEo,"GTA 6 Official Price in India? PS5 & Xbox 5,999/-only #gta6 #gta6preorder #gta6price",2026-06-24 22:06:14,9586,-1,"UNCLUSTERED (gta, trailer, vi, gameplay, gta vi, gta trailer, look, auto)",0.4514,positive,neutral,False,positive,0.4514
dVl1Rcbx7KI,22 New GTA 6 Gameplay Details Revealed,2026-06-24 23:04:12,704509,-1,"UNCLUSTERED (gta, trailer, vi, gameplay, gta vi, gta trailer, look, auto)",-0.7391,negative,neutral,False,negative,-0.7391
7tf52A4GRE8,How to Pre-Order GTA 6 on Xbox Full Guide!,2026-06-25 00:19:27,3312,4,"pre, pre order, order, gta pre, order gta, gta, orders, pre orders",0.0,neutral,positive,False,neutral,0.0
n0w0hVznfRE,First Indian To Buy GTA 6 🤣🤣😎😎 #gta6 #gaming,2026-06-25 03:45:13,28520205,-1,"UNCLUSTERED (gta, trailer, vi, gameplay, gta vi, gta trailer, look, auto)",0.9744,positive,positive,True,positive,0.9744
ym5qwLdYveg,GTA 6 Pre Order in India!,2026-06-25 04:18:49,14236,4,"pre, pre order, order, gta pre, order gta, gta, orders, pre orders",0.0,neutral,neutral,True,neutral,0.0
_M9cel8sca8,How to Pre Order GTA 6 on Xbox Series X/S Tutorial! (For Beginners),2026-06-25 04:39:18,10057,-1,"UNCLUSTERED (gta, trailer, vi, gameplay, gta vi, gta trailer, look, auto)",0.7896,positive,positive,True,positive,0.7896
n50odBl1eXQ,"GTA 6 Pre Order Start ayuruchu🔥 Indian Price, Standard Edition Vs Ultimate Edition , PS5😱",2026-06-25 04:59:54,287689,-1,"UNCLUSTERED (gta, trailer, vi, gameplay, gta vi, gta trailer, look, auto)",-0.8956,negative,positive,False,negative,-0.8956
ZxIRmPnDwQ8,GTA 6 Pre Order,2026-06-25 05:52:16,734755,4,"pre, pre order, order, gta pre, order gta, gta, orders, pre orders",0.9255,positive,positive,True,positive,0.9255
z49psbwgGa8,"FINALLY BOUGHT GTA 6 ULTIMATE EDITION: Price, Unboxing, Early Access & More!",2026-06-25 09:00:32,574226,-1,"UNCLUSTERED (gta, trailer, vi, gameplay, gta vi, gta trailer, look, auto)",0.9435,positive,positive,True,positive,0.9435
SJZ3NyOc7PA,I bought GTA 6 in INDIA 🔥 Price REVEALED! Pre Order Details | AYUSH MORE 😱,2026-06-25 09:11:08,219915,4,"pre, pre order, order, gta pre, order gta, gta, orders, pre orders",-0.5859,negative,positive,False,negative,-0.5859
hlWYDa9Lv7Y,Pre-Ordering GTA 6 at Midnight! 😱 GTA 6 Price & PS5 Details,2026-06-25 09:18:36,5518,-1,"UNCLUSTERED (gta, trailer, vi, gameplay, gta vi, gta trailer, look, auto)",-0.8852,negative,positive,False,negative,-0.8852
yf8Nw2xE_pM,GTA 6 Pre-Order Purchased | Is It Worth ₹6000?,2026-06-25 12:28:36,963993,-1,"UNCLUSTERED (gta, trailer, vi, gameplay, gta vi, gta trailer, look, auto)",0.7897,positive,neutral,False,positive,0.7897
z25m5NAO7Zs,FINALLY!! Pre Ordering GTA 6 on PS5 & XBOX 🔥 | Upgrading Standard to Ultimate | Buying GTA 6 Twice 😱,2026-06-25 12:40:41,32607,-1,"UNCLUSTERED (gta, trailer, vi, gameplay, gta vi, gta trailer, look, auto)",-0.9333,negative,positive,False,negative,-0.9333
rCNJfl6vvJE,GTA 6 Pre-Order | Finally bought the game !!,2026-06-25 13:59:17,37037,4,"pre, pre order, order, gta pre, order gta, gta, orders, pre orders",0.0,neutral,positive,False,neutral,0.0
bTFpkKZOZmg,GTA 6 Pre Order DONE ! 😁 #Shorts,2026-06-25 14:15:08,1062503,4,"pre, pre order, order, gta pre, order gta, gta, orders, pre orders",0.8233,positive,positive,True,positive,0.8233
pQu2H82Zi5c,GTA 6 Pre Orders Are Live And Prices Are Crazy 🤯 #shorts,2026-06-25 17:31:22,2204366,4,"pre, pre order, order, gta pre, order gta, gta, orders, pre orders",-0.7351,negative,negative,True,negative,-0.7351
Gd2LwLwfR1k,Don't Pre-order GTA 6 Until You Watch This (Ultimate vs Standard),2026-06-25 20:00:17,489583,4,"pre, pre order, order, gta pre, order gta, gta, orders, pre orders",0.9647,positive,positive,True,positive,0.9647
QrtbeLjKrKw,Grand Theft Auto VI: Gameplay First Look | PS5 (Concept),2026-06-25 20:03:35,218589,-1,"UNCLUSTERED (gta, trailer, vi, gameplay, gta vi, gta trailer, look, auto)",0.9501,positive,positive,True,positive,0.9501
L6uw9hCUWdo,FINALLY NEW JOURNEY BEGINS - Welcome To GTA VI Series 😍#1,2026-06-26 08:15:39,782662,-1,"UNCLUSTERED (gta, trailer, vi, gameplay, gta vi, gta trailer, look, auto)",0.986,positive,positive,True,positive,0.986
a8gV6klqPZg,GTA 6 Pre-Orders Already Breaking Records?,2026-06-26 09:15:59,249216,-1,"UNCLUSTERED (gta, trailer, vi, gameplay, gta vi, gta trailer, look, auto)",-0.7952,negative,positive,False,negative,-0.7952
LyUKRakjBoM,GTA 6 Ultimate Edition vs Standard ✅ | Indian Price | Physical Disc? PS5 Features? | Pre Order Guide,2026-06-26 13:47:10,75892,-1,"UNCLUSTERED (gta, trailer, vi, gameplay, gta vi, gta trailer, look, auto)",0.4316,positive,neutral,False,positive,0.4316
I3Xe8ZqB8AE,"""$3 Billion in Preorders"" – GTA 6 May Be the Biggest Launch in Entertainment History",2026-06-26 17:30:10,163334,-1,"UNCLUSTERED (gta, trailer, vi, gameplay, gta vi, gta trailer, look, auto)",0.9714,positive,positive,True,positive,0.9714
yZZxwCJSXEQ,Tech Tadkaa #2 - GTA 6 Pre-Order Started !,2026-06-26 17:56:09,286906,-1,"UNCLUSTERED (gta, trailer, vi, gameplay, gta vi, gta trailer, look, auto)",0.0,neutral,neutral,True,neutral,0.0
nBdFaFyZ3pY,Don't Pre Order GTA 6 Without Watching This Video 😱,2026-06-27 11:30:57,857530,-1,"UNCLUSTERED (gta, trailer, vi, gameplay, gta vi, gta trailer, look, auto)",-0.9246,negative,neutral,False,negative,-0.9246
Zi6Hs7Q1iHY,DUMB To Pre Order GTA 6?,2026-06-29 05:12:53,332790,4,"pre, pre order, order, gta pre, order gta, gta, orders, pre orders",-0.852,negative,neutral,False,negative,-0.852
AQPnNRPhASE,"GTA-6 Purchased In PS-5 Pre Order GTA-6 At Rupees ₹5,999😍 #souravjoshivlogs #piyushjoshi",2026-07-03 02:39:19,465332,-1,"UNCLUSTERED (gta, trailer, vi, gameplay, gta vi, gta trailer, look, auto)",0.7184,positive,positive,True,positive,0.7184
Y4lW9m4GCdM,GTA 6 Art Situation is Insane,2026-07-07 17:44:47,375210,-1,"UNCLUSTERED (gta, trailer, vi, gameplay, gta vi, gta trailer, look, auto)",0.5859,positive,positive,True,positive,0.5859
9GRNnp5nKv4,Grand Theft Auto VI: Gameplay Reveal – First Look | PS5 (Concept),2026-07-07 20:03:21,133158,-1,"UNCLUSTERED (gta, trailer, vi, gameplay, gta vi, gta trailer, look, auto)",0.9501,positive,positive,True,positive,0.9501
snw50zw2avs,Grand Theft Auto VI: LEAKED Open World Gameplay Details (Concept) & GTA 6 Trailer #3 Coming,2026-07-12 14:00:17,129183,0,"leaked, gameplay leaked, gameplay, gta, leaks, gta gameplay, gta leaked, leaked gameplay",0.6515,positive,neutral,False,positive,0.6515
VrX0-5DdK-s,GTA VI Gameplay Concept,2026-07-20 17:02:38,1761133,-1,"UNCLUSTERED (gta, trailer, vi, gameplay, gta vi, gta trailer, look, auto)",0.8625,positive,neutral,False,positive,0.8625
lD4NhSGpQbg,Gta 6 Jason Takes Over Los Santos | Gta 6 Gameplay,2026-07-24 13:30:25,131362,-1,"UNCLUSTERED (gta, trailer, vi, gameplay, gta vi, gta trailer, look, auto)",0.0,neutral,neutral,True,neutral,0.0
kc-Y-hv1VAs,No way GTA 6 gets delayed again 😭 #rockstar #gta6 #gaming #tech #donnywasthere,2026-08-06 01:11:03,24902,5,"delayed, gta delayed, gta, 2026, delay, delayed 2026, delayed november, november",-0.9559,negative,negative,True,negative,-0.9559
qq76pQsI1iw,Grand Theft Auto VI: An Extended Look Coming August 27,2026-08-06 12:00:25,9626682,1,"vi extended, extended look, auto vi, extended, look, look playing, grand, grand theft",0.9325,positive,neutral,False,positive,0.9325
1x8gvVAwuFc,GTA 6 Trailer 3 Release Date is Here 🔥🔥,2026-08-06 13:47:47,174647,6,"release, release date, date, gta release, gta, date confirmed, gta releases, releases",-0.8225,negative,positive,False,negative,-0.8225
a-qbmD8YcxI,GTA 6 TRAILER 3 RELEASE DATE CONFIRMED!,2026-08-07 08:30:28,18230,6,"release, release date, date, gta release, gta, date confirmed, gta releases, releases",0.0,neutral,positive,False,neutral,0.0
MzD_wcIrhU0,"GTA 6: Why Rockstar Chose Netflix, Pre-Order Numbers have ""Record Breaking""",2026-08-08 03:32:25,216390,-1,"UNCLUSTERED (gta, trailer, vi, gameplay, gta vi, gta trailer, look, auto)",0.7506,positive,positive,True,positive,0.7506
3mOot1vLP38,Delay GTA 6... For The Love Of The Game #gta6 #gtavi #gtaonline,2026-08-09 04:00:28,192800,5,"delayed, gta delayed, gta, 2026, delay, delayed 2026, delayed november, november",0.9792,positive,positive,True,positive,0.9792
qorZAw-3u1U,GTA 6 $100 Ultimate Edition Outselling $80 Standard Edition - IGN Daily Fix,2026-08-11 20:03:13,39955,-1,"UNCLUSTERED (gta, trailer, vi, gameplay, gta vi, gta trailer, look, auto)",0.4588,positive,neutral,False,positive,0.4588
iQtz0MS9kNA,GTA 6 Online is NOT Launching With GTA 6 (Release Date Explained),2026-08-12 17:15:04,2242,-1,"UNCLUSTERED (gta, trailer, vi, gameplay, gta vi, gta trailer, look, auto)",0.6604,positive,neutral,False,positive,0.6604
Mw2v4J1COOc,GTA 6 Delayed Again?! 😱 6 Month Delay Update! 🎮 #gtarp #gamingnews #shorts,2026-08-17 13:30:26,9672,5,"delayed, gta delayed, gta, 2026, delay, delayed 2026, delayed november, november",-0.9867,negative,negative,True,negative,-0.9867
Hwtm8xHP5A8,GTA 6 Gameplay LEAKED?! 😱,2026-08-19 09:40:56,578723,0,"leaked, gameplay leaked, gameplay, gta, leaks, gta gameplay, gta leaked, leaked gameplay",-0.9468,negative,neutral,False,negative,-0.9468
hGnFJG5LYCE,Rockstar might be in trouble after these GTA 6 leaks,2026-08-19 16:33:44,20216,-1,"UNCLUSTERED (gta, trailer, vi, gameplay, gta vi, gta trailer, look, auto)",-0.0258,neutral,negative,False,neutral,-0.0258
6Qyirk2wGlY,What's Up With These GTA 6 Leaks?,2026-08-21 08:27:21,345290,-1,"UNCLUSTERED (gta, trailer, vi, gameplay, gta vi, gta trailer, look, auto)",0.8452,positive,neutral,False,positive,0.8452
jasTPNPpMMg,Here we go again..  GTA 6 Leaked,2026-08-21 15:11:26,117182,0,"leaked, gameplay leaked, gameplay, gta, leaks, gta gameplay, gta leaked, leaked gameplay",-0.3612,negative,neutral,False,negative,-0.3612
Km4qNTNd-rw,GTA 6 LEAKED: Rockstar vs Cyberleek Controversy,2026-08-22 05:30:03,396299,-1,"UNCLUSTERED (gta, trailer, vi, gameplay, gta vi, gta trailer, look, auto)",0.1862,positive,positive,True,positive,0.1862
50ZFtwRdqUY,قراند 6 تسربت مرة ثانية... وهالمرة الموضوع اخطر!,2026-08-22 10:30:06,448233,-1,"UNCLUSTERED (gta, trailer, vi, gameplay, gta vi, gta trailer, look, auto)",0.0,neutral,neutral,True,neutral,0.0
xuKzXkeekKE,The GTA 6 Leaks Might Be Bigger Than We Thought - Luke Reacts,2026-08-23 01:30:20,318944,-1,"UNCLUSTERED (gta, trailer, vi, gameplay, gta vi, gta trailer, look, auto)",0.0,neutral,positive,False,neutral,0.0
Bo1AprpeRAU,"GTA 6 Gameplay All Leaks August 2026 | NEW GTA VI Leaked Gameplay Footage, Jason & Driving",2026-08-24 07:03:46,1797,-1,"UNCLUSTERED (gta, trailer, vi, gameplay, gta vi, gta trailer, look, auto)",-0.9707,negative,neutral,False,negative,-0.9707
6NruEKYykvs,THE NEWEST GTA 6 GAMEPLAY LEAK FINALLY SHOWS THE BEACH AND THE LEVEL OF DETAIL IS INSANE!,2026-08-25 12:08:23,250659,-1,"UNCLUSTERED (gta, trailer, vi, gameplay, gta vi, gta trailer, look, auto)",-0.8725,negative,positive,False,negative,-0.8725
LBVlWt_FJUM,EVERYTHING SO FAR ABOUT GTA 6 LEAKS | BIGGEST GTA 6 SECRETS,2026-08-25 13:07:33,889318,0,"leaked, gameplay leaked, gameplay, gta, leaks, gta gameplay, gta leaked, leaked gameplay",-0.8158,negative,positive,False,negative,-0.8158
YCCHl1Hmh9Q,Will GTA 6 Get Delayed Again? 👀🎮,2026-08-26 06:31:36,30198,5,"delayed, gta delayed, gta, 2026, delay, delayed 2026, delayed november, november",-0.6381,negative,neutral,False,negative,-0.6381
-gj1KXH8x7k,GTA 6 LATEST LEAKED GAMEPLAY?! 😱🔥,2026-08-26 14:30:22,340967,0,"leaked, gameplay leaked, gameplay, gta, leaks, gta gameplay, gta leaked, leaked gameplay",-0.9819,negative,positive,False,negative,-0.9819
uphThaa97ig,Grand Theft Auto VI: An Extended Look | Now Playing | Netflix,2026-08-27 19:08:02,6517935,-1,"UNCLUSTERED (gta, trailer, vi, gameplay, gta vi, gta trailer, look, auto)",0.9772,positive,positive,True,positive,0.9772
nXqLySG8kdg,FULL GTA 6 GAMEPLAY EXTENDED LOOK REVEAL! (GTA 6 EXTENDED LOOK GAMEPLAY),2026-08-27 19:35:38,526239,2,"extended look, extended, look, gta extended, gta, gameplay, gta6 extended, vs gta",0.9287,positive,positive,True,positive,0.9287
TgSoL4vprRE,🔴GTA 6: An Extended Look,2026-08-27 19:59:24,519604,-1,"UNCLUSTERED (gta, trailer, vi, gameplay, gta vi, gta trailer, look, auto)",0.9489,positive,positive,True,positive,0.9489
eVizUUt90oE,GTA 6 IS GOING TO BREAK THE ECONOMY,2026-08-27 20:10:22,617011,-1,"UNCLUSTERED (gta, trailer, vi, gameplay, gta vi, gta trailer, look, auto)",0.6908,positive,positive,True,positive,0.6908
-Ty0HRzrY4k,IShowSpeed Reacts To The GTA 6 Extended Look..,2026-08-27 20:15:50,1725315,-1,"UNCLUSTERED (gta, trailer, vi, gameplay, gta vi, gta trailer, look, auto)",0.5461,positive,neutral,False,positive,0.5461
ETZNbTYvL3w,The GTA6 Extended Look Was INSANE... (Gameplay),2026-08-27 20:17:07,335503,2,"extended look, extended, look, gta extended, gta, gameplay, gta6 extended, vs gta",0.8916,positive,positive,True,positive,0.8916
3IFIkkdViNY,GTA 6 Extended Look Gameplay • Reaction,2026-08-27 20:34:58,452172,2,"extended look, extended, look, gta extended, gta, gameplay, gta6 extended, vs gta",0.6369,positive,positive,True,positive,0.6369
3nVF2EY_iHg,Esto es GTA VI (GAMEPLAY + EXCLUSIVA),2026-08-27 21:04:30,15921740,-1,"UNCLUSTERED (gta, trailer, vi, gameplay, gta vi, gta trailer, look, auto)",0.3612,positive,neutral,False,positive,0.3612
QvgM-Jm9JOc,GTA 6 NEW TRAILER REVEAL *JYNXZI REACTS*,2026-08-27 21:14:23,623103,-1,"UNCLUSTERED (gta, trailer, vi, gameplay, gta vi, gta trailer, look, auto)",-0.5319,negative,positive,False,negative,-0.5319
PPjBurBJXSw,Reacting to GTA VI: Extended Look | Joe Bartolozzi,2026-08-27 21:35:47,1189837,-1,"UNCLUSTERED (gta, trailer, vi, gameplay, gta vi, gta trailer, look, auto)",0.7865,positive,neutral,False,positive,0.7865
b-If5Nq0log,Thoughts on the GTA 6 Gameplay Reveal,2026-08-27 22:00:15,4595226,-1,"UNCLUSTERED (gta, trailer, vi, gameplay, gta vi, gta trailer, look, auto)",0.6369,positive,positive,True,positive,0.6369
nRKJOjR2vxY,69 CONFIRMED Gameplay Details About GTA 6!,2026-08-27 22:06:09,223394,-1,"UNCLUSTERED (gta, trailer, vi, gameplay, gta vi, gta trailer, look, auto)",0.9269,positive,positive,True,positive,0.9269
MkXSdiP70xc,GTA 6 (PS5) 4K HDR Gameplay,2026-08-27 22:14:17,6931569,-1,"UNCLUSTERED (gta, trailer, vi, gameplay, gta vi, gta trailer, look, auto)",0.7184,positive,neutral,False,positive,0.7184
iiReDEclZs8,GTA 6 Extended Look Blew My Mind 😱 | The BIGGEST Game of this Generation looks CRAZY Realistic 🔥,2026-08-27 22:30:00,202772,-1,"UNCLUSTERED (gta, trailer, vi, gameplay, gta vi, gta trailer, look, auto)",-0.9655,negative,positive,False,negative,-0.9655
fMDN-3enAZU,GTA 6 Extended Look is Here🔥 | Live Reaction 😍,2026-08-27 23:05:36,304044,-1,"UNCLUSTERED (gta, trailer, vi, gameplay, gta vi, gta trailer, look, auto)",0.6705,positive,positive,True,positive,0.6705
5LNjPah63ic,GTA 6 Extended Look Review: Did Rockstar Deliver On Years Of Hype?,2026-08-27 23:05:41,2616,-1,"UNCLUSTERED (gta, trailer, vi, gameplay, gta vi, gta trailer, look, auto)",-0.5158,negative,positive,False,negative,-0.5158
D8uLssgowvE,GTA 6 Gameplay: Everything You Missed,2026-08-27 23:14:34,495153,-1,"UNCLUSTERED (gta, trailer, vi, gameplay, gta vi, gta trailer, look, auto)",0.7783,positive,neutral,False,positive,0.7783
HQA7fxZ-_r0,GTA 6: Gameplay DETAILS WE FOUND,2026-08-27 23:40:11,4486656,-1,"UNCLUSTERED (gta, trailer, vi, gameplay, gta vi, gta trailer, look, auto)",0.4767,positive,positive,True,positive,0.4767
BTfzszKgRKc,GTA 6: EXTENDED LOOK - LIVE REACTION & BREAKDOWN! (I Was Invited to Rockstar),2026-08-28 00:11:05,2371893,-1,"UNCLUSTERED (gta, trailer, vi, gameplay, gta vi, gta trailer, look, auto)",0.4184,positive,positive,True,positive,0.4184
tKX3H1TWfFQ,the internet after the GTA VI gameplay reveal,2026-08-28 00:14:20,1290448,-1,"UNCLUSTERED (gta, trailer, vi, gameplay, gta vi, gta trailer, look, auto)",0.0,neutral,neutral,True,neutral,0.0
tJbzMqJGH4k,Grand Theft Auto VI: An Extended Look,2026-08-28 01:00:48,25967293,1,"vi extended, extended look, auto vi, extended, look, look playing, grand, grand theft",0.9531,positive,positive,True,positive,0.9531
GVTE_MuInQg,Grand Theft Auto VI: An Extended Look — Now Playing,2026-08-28 01:01:18,1190931,1,"vi extended, extended look, auto vi, extended, look, look playing, grand, grand theft",0.8225,positive,neutral,False,positive,0.8225
mAfR_ybf5WM,Grand Theft Auto VI: An Extended Look — Now Playing,2026-08-28 01:01:24,1341393,1,"vi extended, extended look, auto vi, extended, look, look playing, grand, grand theft",0.8225,positive,neutral,False,positive,0.8225
53C6gUqRpK4,Grand Theft Auto VI: An Extended Look — Now Playing,2026-08-28 01:01:28,2364103,1,"vi extended, extended look, auto vi, extended, look, look playing, grand, grand theft",0.8225,positive,neutral,False,positive,0.8225
dztPF46J8Qo,GTA 6 EXTENDED LOOK VS GTA 5 COMPARISON (Gameplay and Details),2026-08-28 01:21:27,592864,2,"extended look, extended, look, gta extended, gta, gameplay, gta6 extended, vs gta",0.3612,positive,neutral,False,positive,0.3612
AsyOVBDRgtk,Grand Theft Auto VI (GTA 6): An Extended Look | 26 Minute Gameplay Reveal,2026-08-28 01:52:54,13677910,-1,"UNCLUSTERED (gta, trailer, vi, gameplay, gta vi, gta trailer, look, auto)",0.5423,positive,neutral,False,positive,0.5423
_NBPyKmpJIk,GTA 6 EXTENDED LOOK TRAILER REACTION! 🤯🔥 | Tamil,2026-08-28 03:44:25,23868,-1,"UNCLUSTERED (gta, trailer, vi, gameplay, gta vi, gta trailer, look, auto)",-0.8615,negative,positive,False,negative,-0.8615
nyaIl45Zy-8,GTA 6 Extended Trailer Thoughts And Reaction,2026-08-28 05:01:59,496893,-1,"UNCLUSTERED (gta, trailer, vi, gameplay, gta vi, gta trailer, look, auto)",0.9552,positive,positive,True,positive,0.9552
hhqYL258QYU,GTA 6 EXTENDED LOOK IS CRAZY!!!!,2026-08-28 05:57:04,289188,2,"extended look, extended, look, gta extended, gta, gameplay, gta6 extended, vs gta",-0.465,negative,positive,False,negative,-0.465
ArTH4nbDmdM,GTA 6’s Extended Look Has SO Many Details... Full Breakdown,2026-08-28 06:14:34,520737,2,"extended look, extended, look, gta extended, gta, gameplay, gta6 extended, vs gta",0.9677,positive,positive,True,positive,0.9677
ftOAikxrZl8,GTA 6 Ne DIMAAG HILA DIYA 🤯 (Grand Theft Auto 6 Gameplay Trailer),2026-08-28 06:30:31,2272044,-1,"UNCLUSTERED (gta, trailer, vi, gameplay, gta vi, gta trailer, look, auto)",0.9337,positive,positive,True,positive,0.9337
Io2nrJB3AEg,GTA 6 Everything Rockstar JUST Revealed!,2026-08-28 07:31:24,117761,-1,"UNCLUSTERED (gta, trailer, vi, gameplay, gta vi, gta trailer, look, auto)",0.5242,positive,positive,True,positive,0.5242
toQkKWEs2iE,10 CRAZY Gameplay Features of GTA 6 That Will BLOW Your Mind| GTA 6 Extended Look Gameplay Explained,2026-08-28 09:36:23,405808,-1,"UNCLUSTERED (gta, trailer, vi, gameplay, gta vi, gta trailer, look, auto)",-0.7154,negative,positive,False,negative,-0.7154
V3vR8gEQ-7s,GRAND THEFT AUTO VI Extended Look REACTION! | GTA VI | This Looks AMAZING! | Rockstar Games,2026-08-28 09:45:04,194449,-1,"UNCLUSTERED (gta, trailer, vi, gameplay, gta vi, gta trailer, look, auto)",0.9769,positive,positive,True,positive,0.9769
4Z_4yqWGRjQ,GTA 6: Every New Gameplay Feature & Mechanic YOU MISSED,2026-08-28 10:23:38,3300280,-1,"UNCLUSTERED (gta, trailer, vi, gameplay, gta vi, gta trailer, look, auto)",-0.9876,negative,neutral,False,negative,-0.9876
-8PfA-duLXc,I'm Cancelling My Pre-Order #gta6 #gtavi #gtaonline,2026-08-28 11:30:17,1336561,-1,"UNCLUSTERED (gta, trailer, vi, gameplay, gta vi, gta trailer, look, auto)",0.96,positive,positive,True,positive,0.96
NSKCbLolw50,GTA 6 vs. GTA 5 | Insane Details Comparison 🔥 (Netflix Extended Look),2026-08-28 12:00:04,520874,-1,"UNCLUSTERED (gta, trailer, vi, gameplay, gta vi, gta trailer, look, auto)",-0.8858,negative,neutral,False,negative,-0.8858
Ywtya3SHMvU,THIS IS NOT A GAME 🤯,2026-08-28 12:25:40,5329679,-1,"UNCLUSTERED (gta, trailer, vi, gameplay, gta vi, gta trailer, look, auto)",0.5538,positive,negative,False,positive,0.5538
REjHBGlGnek,100+ Hidden Details In The GTA6: Extended Look,2026-08-28 13:01:22,292638,-1,"UNCLUSTERED (gta, trailer, vi, gameplay, gta vi, gta trailer, look, auto)",0.7689,positive,positive,True,positive,0.7689
__47GR-gAmo,Grand Theft Auto VI (GTA 6): An Extended Look Breakdown in Tamil #mrkk #gta6,2026-08-28 13:36:11,139514,-1,"UNCLUSTERED (gta, trailer, vi, gameplay, gta vi, gta trailer, look, auto)",0.9056,positive,neutral,False,positive,0.9056
6dHMssYN19Q,GTA 6 Good & Bad News...,2026-08-28 14:39:22,322391,-1,"UNCLUSTERED (gta, trailer, vi, gameplay, gta vi, gta trailer, look, auto)",0.2023,positive,negative,False,positive,0.2023
wmHL4v69uQs,Grand Theft Auto VI (GTA 6): An Extended Look | 26 Minute Gameplay Reveal,2026-08-28 15:18:21,272927,-1,"UNCLUSTERED (gta, trailer, vi, gameplay, gta vi, gta trailer, look, auto)",0.8625,positive,neutral,False,positive,0.8625
1IDmAbe9w6U,The GTA 6 Gameplay Looks Insane...,2026-08-28 16:43:06,144598,-1,"UNCLUSTERED (gta, trailer, vi, gameplay, gta vi, gta trailer, look, auto)",-0.6597,negative,positive,False,negative,-0.6597
asiaHbfNHCs,I Found Out Why GTA 6 Got Delayed So Many Times... #gta6 #gtavi,2026-08-28 20:00:06,282962,5,"delayed, gta delayed, gta, 2026, delay, delayed 2026, delayed november, november",-0.5719,negative,negative,True,negative,-0.5719
MAjHT761heg,GTA 6 Pre-Orders Are Being Carried By PS5. XBOX Is Ignored By Rockstar In Marketing.,2026-08-28 21:00:38,3862,-1,"UNCLUSTERED (gta, trailer, vi, gameplay, gta vi, gta trailer, look, auto)",-0.34,negative,neutral,False,negative,-0.34
AHcY2xmDkoQ,FIRST OFFICIAL GTA 6 GAMEPLAY IS HERE!,2026-08-29 03:30:33,10383655,-1,"UNCLUSTERED (gta, trailer, vi, gameplay, gta vi, gta trailer, look, auto)",0.7243,positive,positive,True,positive,0.7243
1Au4BHb50ZI,GTA 6 vs GTA 5 Details Are CRAZY! 🤯 (Reaction),2026-08-29 13:22:17,144580,-1,"UNCLUSTERED (gta, trailer, vi, gameplay, gta vi, gta trailer, look, auto)",0.5637,positive,neutral,False,positive,0.5637
WB5Zd8Qxzso,10 Years Hardwork WASTED in 10 Hours - GTA 6 Footage Leak - Rockstar Games #shorts,2026-08-29 13:30:38,3171802,-1,"UNCLUSTERED (gta, trailer, vi, gameplay, gta vi, gta trailer, look, auto)",-0.9015,negative,neutral,False,negative,-0.9015
zfvFuSlDMZ8,IT'S FINALLY HERE... GTA 6 GAMEPLAY!,2026-08-29 14:41:14,1832234,-1,"UNCLUSTERED (gta, trailer, vi, gameplay, gta vi, gta trailer, look, auto)",0.7639,positive,positive,True,positive,0.7639
xmn8UFDxcV4,GTA 6 is feminist slop,2026-08-29 15:37:44,977740,-1,"UNCLUSTERED (gta, trailer, vi, gameplay, gta vi, gta trailer, look, auto)",0.0,neutral,negative,False,neutral,0.0
-IFrwMY4zFE,200+ Hidden Details You Missed in the GTA 6 Extended Look 😱 | GTA 6 Extended Look Breakdown 🔥,2026-08-30 03:20:41,288637,-1,"UNCLUSTERED (gta, trailer, vi, gameplay, gta vi, gta trailer, look, auto)",-0.9538,negative,neutral,False,negative,-0.9538
9RaWV6Hox40,Dekho Wo Aa Gaya 😮 | GTA VI GAMEPLAY Review,2026-08-30 08:30:21,296185,-1,"UNCLUSTERED (gta, trailer, vi, gameplay, gta vi, gta trailer, look, auto)",0.8313,positive,positive,True,positive,0.8313
NcQllztky6Q,GTA VI Extended Look | 13 Years Later - GTA Is BACK!,2026-08-30 12:53:48,1141507,-1,"UNCLUSTERED (gta, trailer, vi, gameplay, gta vi, gta trailer, look, auto)",0.893,positive,positive,True,positive,0.893
cxYhQg3fV8k,150 RARE Details You Missed in the GTA 6 Gameplay,2026-08-30 16:00:23,386320,-1,"UNCLUSTERED (gta, trailer, vi, gameplay, gta vi, gta trailer, look, auto)",-0.7494,negative,neutral,False,negative,-0.7494
9dRa_WtDkUw,Jacksepticeye Reacts to GTA VI Gameplay,2026-08-30 18:20:32,614878,-1,"UNCLUSTERED (gta, trailer, vi, gameplay, gta vi, gta trailer, look, auto)",0.0,neutral,positive,False,neutral,0.0
r6KUVeLAvPI,"GTA 6 Pre-Order Guide: Editions, Bonuses, Price & the No-Disc Surprise",2026-08-30 21:08:40,957,-1,"UNCLUSTERED (gta, trailer, vi, gameplay, gta vi, gta trailer, look, auto)",0.9493,positive,neutral,False,positive,0.9493
N4EC3GvSJbI,Girl Boss Auto 6 | The GTA6 Trailer is PAINFULLY BAD,2026-08-30 23:21:39,146640,-1,"UNCLUSTERED (gta, trailer, vi, gameplay, gta vi, gta trailer, look, auto)",-0.9649,negative,negative,True,negative,-0.9649
CMXxuSmzXsk,"GTA 6: Robberies, Economy & How Money Works Now | Exclusive Deep Dive",2026-08-31 07:25:39,3080486,-1,"UNCLUSTERED (gta, trailer, vi, gameplay, gta vi, gta trailer, look, auto)",-0.1779,negative,neutral,False,negative,-0.1779
1sreNek6phA,"$2 Billion, but GTA6 Couldn't Even Fix This.",2026-08-31 10:30:06,525108,-1,"UNCLUSTERED (gta, trailer, vi, gameplay, gta vi, gta trailer, look, auto)",0.9684,positive,positive,True,positive,0.9684
xZzpNJsHz50,I Watched GTA 6: Gameplay in 0.25x Speed and Here's What I Found,2026-09-01 04:40:03,263169,-1,"UNCLUSTERED (gta, trailer, vi, gameplay, gta vi, gta trailer, look, auto)",0.9761,positive,positive,True,positive,0.9761
33t4kUEBL5k,"GTA 6: Criminal Profile, Romance & How Your Relationship Works | Deep Dive (New Info)",2026-09-01 07:00:10,1088350,-1,"UNCLUSTERED (gta, trailer, vi, gameplay, gta vi, gta trailer, look, auto)",0.6808,positive,neutral,False,positive,0.6808
IGWqPU1Qt3o,💀 GTA VI Crashed Netflix & Had Streamers HEATED,2026-09-01 10:39:47,1032073,-1,"UNCLUSTERED (gta, trailer, vi, gameplay, gta vi, gta trailer, look, auto)",-0.872,negative,negative,True,negative,-0.872
TRwc96HEOqM,Grand Theft Auto 6 - 15 NEW Details You Need To Know Before You Pre-Order (Part 1),2026-09-01 10:45:19,209805,-1,"UNCLUSTERED (gta, trailer, vi, gameplay, gta vi, gta trailer, look, auto)",0.9186,positive,neutral,False,positive,0.9186
mt8hPkDEpbw,GTA 6 GAMEPLAY Is FINALLY HERE.. and its INSANE!,2026-09-01 15:03:08,194434,-1,"UNCLUSTERED (gta, trailer, vi, gameplay, gta vi, gta trailer, look, auto)",-0.8342,negative,positive,False,negative,-0.8342
KAmKoKu17Wk,Big Mistakes from GTA 6 Extended Gameplay,2026-09-01 15:27:48,602607,-1,"UNCLUSTERED (gta, trailer, vi, gameplay, gta vi, gta trailer, look, auto)",-0.4767,negative,neutral,False,negative,-0.4767
qyOZtDNgK24,Los ERRORES de GTA 6 que demuestran que era GAMEPLAY REAL 🤔 #gta6 #gta #gaming #rockstargames,2026-09-01 18:00:07,2057234,-1,"UNCLUSTERED (gta, trailer, vi, gameplay, gta vi, gta trailer, look, auto)",0.0,neutral,neutral,True,neutral,0.0
NmKzxPpl8ho,250+ Rare Gameplay Details You Missed in GTA 6!,2026-09-01 19:51:32,87140,-1,"UNCLUSTERED (gta, trailer, vi, gameplay, gta vi, gta trailer, look, auto)",0.2586,positive,negative,False,positive,0.2586
1-NlqsjbomY,o GTA 6 vai ficar INJOGÁVEL por causa disso,2026-09-01 21:44:40,769875,-1,"UNCLUSTERED (gta, trailer, vi, gameplay, gta vi, gta trailer, look, auto)",0.0,neutral,neutral,True,neutral,0.0
W9WG94nVXyg,GTA 6 EXTENDED LOOK REACTION | My FIRST Reaction to GTA 6,2026-09-02 00:07:04,19192,-1,"UNCLUSTERED (gta, trailer, vi, gameplay, gta vi, gta trailer, look, auto)",0.4389,positive,positive,True,positive,0.4389
JYWdV8X-nd0, GTA 6 EXTENDED LOOK  | TAMIL | 4K 60FPS | MASSIVE GAMEPLAY  | PLAYBOX TAMIL,2026-09-02 12:30:09,116606,-1,"UNCLUSTERED (gta, trailer, vi, gameplay, gta vi, gta trailer, look, auto)",0.5696,positive,neutral,False,positive,0.5696
KkL15AQpso4,GTA 6: Jason Is Completely Misunderstood,2026-09-02 13:00:10,106719,-1,"UNCLUSTERED (gta, trailer, vi, gameplay, gta vi, gta trailer, look, auto)",0.8403,positive,neutral,False,positive,0.8403
0HHej6Bw2x4,3 Mistakes You Missed in GTA 6’s Extended Trailer,2026-09-02 13:22:31,379747,-1,"UNCLUSTERED (gta, trailer, vi, gameplay, gta vi, gta trailer, look, auto)",-0.4468,negative,negative,True,negative,-0.4468
uOsBD2KTvbo,GTA 6 vs. GTA 5 | Insane Details! 🔥 PART 2,2026-09-02 13:23:02,203237,-1,"UNCLUSTERED (gta, trailer, vi, gameplay, gta vi, gta trailer, look, auto)",-0.8582,negative,neutral,False,negative,-0.8582
4qe6bB73P4k,Changement majeur GTA 6  #gta5 #gta6,2026-09-02 15:56:21,152543,-1,"UNCLUSTERED (gta, trailer, vi, gameplay, gta vi, gta trailer, look, auto)",0.0,neutral,neutral,True,neutral,0.0
Ta4l7A1u5bw,GTA VI Developers Didn't Forget Where They Started,2026-09-02 16:53:28,488412,-1,"UNCLUSTERED (gta, trailer, vi, gameplay, gta vi, gta trailer, look, auto)",0.9516,positive,neutral,False,positive,0.9516
P3kvRIM5AtU,Rockstar Games Just Released 29 NEW GTA 6 Screenshots + 3 We've NEVER Seen Before!,2026-09-02 17:00:12,79153,-1,"UNCLUSTERED (gta, trailer, vi, gameplay, gta vi, gta trailer, look, auto)",0.3971,positive,positive,True,positive,0.3971
u2s2jlXAF2c,TONY STATOVCI REACTS TO THE GTA 6 EXTENDED LOOK,2026-09-02 19:00:16,145937,-1,"UNCLUSTERED (gta, trailer, vi, gameplay, gta vi, gta trailer, look, auto)",0.0,neutral,neutral,True,neutral,0.0
tbABaEYRZYo,6 GTA Creators talk about the GTA 6 Extended Look and More.. | The Roundtable Ep 5,2026-09-02 21:00:06,122470,-1,"UNCLUSTERED (gta, trailer, vi, gameplay, gta vi, gta trailer, look, auto)",0.75,positive,positive,True,positive,0.75
dtRqoaDWEGM,I Watched the GTA 6 Extended Look as a Producer (A Dev's Honest Answer),2026-09-03 00:30:23,45589,-1,"UNCLUSTERED (gta, trailer, vi, gameplay, gta vi, gta trailer, look, auto)",0.765,positive,neutral,False,positive,0.765
yZndHks5HbY,GTA 6 VS Watch Dogs 2 - Gameplay Comparison,2026-09-03 09:07:34,921178,-1,"UNCLUSTERED (gta, trailer, vi, gameplay, gta vi, gta trailer, look, auto)",0.8807,positive,neutral,False,positive,0.8807
uMDv44Plfxo,GTA 6 ന്റെ Hacker Cyberleek എവിടെ!? 😱🔥 | #shorts #gta6 #funny #games #gta,2026-09-03 13:00:37,78713,-1,"UNCLUSTERED (gta, trailer, vi, gameplay, gta vi, gta trailer, look, auto)",-0.9854,negative,positive,False,negative,-0.9854
f3-OgzoTqyU,GTA 6 vor GTA 6: Der größte Leak aller Zeiten,2026-09-03 14:00:06,159891,-1,"UNCLUSTERED (gta, trailer, vi, gameplay, gta vi, gta trailer, look, auto)",-0.9324,negative,neutral,False,negative,-0.9324
sVPWOldCFmg,GTA 6 Netflix An Extended Look Trailer REACTION,2026-09-03 14:00:27,121102,-1,"UNCLUSTERED (gta, trailer, vi, gameplay, gta vi, gta trailer, look, auto)",0.7825,positive,positive,True,positive,0.7825
3zvRkH-UpFk,GTA VI Physics Left The Chat...,2026-09-03 16:00:04,4910314,-1,"UNCLUSTERED (gta, trailer, vi, gameplay, gta vi, gta trailer, look, auto)",0.1511,positive,neutral,False,positive,0.1511
sj-eivW27R0,The New GTA VI PS5 Controller...,2026-09-03 17:30:15,94323,-1,"UNCLUSTERED (gta, trailer, vi, gameplay, gta vi, gta trailer, look, auto)",0.1511,positive,neutral,False,positive,0.1511
aV2UTpYIMzQ,GTA 6’s Map Just Got a HUGE UPDATE… And It’s INSANE,2026-09-03 20:00:01,139876,-1,"UNCLUSTERED (gta, trailer, vi, gameplay, gta vi, gta trailer, look, auto)",0.2064,positive,positive,True,positive,0.2064
7oU_r2vfGsk,Grand Theft Auto VI: Jason & Lucia - 8 Minutes of Open World Gameplay Trailer | (Concept),2026-09-03 20:45:25,44892,-1,"UNCLUSTERED (gta, trailer, vi, gameplay, gta vi, gta trailer, look, auto)",0.8402,positive,neutral,False,positive,0.8402
3ctg368nSBk,iShowSpeed Reacts To EVERY GTA 6 Delay 😂💔,2026-09-03 22:35:12,190155,-1,"UNCLUSTERED (gta, trailer, vi, gameplay, gta vi, gta trailer, look, auto)",0.7964,positive,negative,False,positive,0.7964
DT3G1pRF5Ek,Impressive DETAIL in GTA 6 Extended Look,2026-09-04 07:35:20,110983,2,"extended look, extended, look, gta extended, gta, gameplay, gta6 extended, vs gta",0.875,positive,positive,True,positive,0.875
goP2uBxZSL4,GTA 6 Free Pre-Order 🎮 How to Pre-Order GTA 6 for FREE | FREE GTA VI PS5 & Xbox!,2026-09-04 12:54:30,3854,4,"pre, pre order, order, gta pre, order gta, gta, orders, pre orders",0.9859,positive,neutral,False,positive,0.9859
YL0Rzt4IL6M,60+ GTA 6 Gameplay Mechanics JUST GOT REVEALED!,2026-09-04 19:00:38,28625,-1,"UNCLUSTERED (gta, trailer, vi, gameplay, gta vi, gta trailer, look, auto)",-0.829,negative,neutral,False,negative,-0.829
cYvrAbXil38,The Brutal New Mechanic Coming To GTA 6! 😱 #shorts,2026-09-04 23:00:31,20354,-1,"UNCLUSTERED (gta, trailer, vi, gameplay, gta vi, gta trailer, look, auto)",-0.973,negative,negative,True,negative,-0.973
IUx-0S_2XKc,🤔 รวมจุดที่น่าสนใจจากวิดีโอ Extended Look ของ GTA6 . #gamingdose #grandtheftautovi #gtavi #gta,2026-09-05 03:00:17,50580,-1,"UNCLUSTERED (gta, trailer, vi, gameplay, gta vi, gta trailer, look, auto)",0.34,positive,neutral,False,positive,0.34
ZYQpS2tkI3g,Why Rockstar Hasn't Said A Word About GTA 6 Online,2026-09-05 07:00:24,761881,-1,"UNCLUSTERED (gta, trailer, vi, gameplay, gta vi, gta trailer, look, auto)",-0.34,negative,negative,True,negative,-0.34
G69xJB-KvAw,Everything We Learned From The GTA6: Extended Look,2026-09-05 13:00:39,47097,2,"extended look, extended, look, gta extended, gta, gameplay, gta6 extended, vs gta",0.5719,positive,positive,True,positive,0.5719
vySOIA_nEm0,Shawn Fonteno Reacts to GTA 6 Gameplay Reveal (Franklin Clinton's VA),2026-09-05 22:22:58,174526,-1,"UNCLUSTERED (gta, trailer, vi, gameplay, gta vi, gta trailer, look, auto)",0.0,neutral,neutral,True,neutral,0.0
5-5umxiCwYQ,GTA VI Punya DualSense Limited Edition! Sony Siapkan 2 Versi,2026-09-06 08:05:01,36564,-1,"UNCLUSTERED (gta, trailer, vi, gameplay, gta vi, gta trailer, look, auto)",-0.6093,negative,positive,False,negative,-0.6093
-GF0gBunsqI,POV: when GTA 6 gets delayed#funny#viral#goviral#trending#memes#subscribe #likeandsubscribe ,2026-09-06 16:01:08,5800,-1,"UNCLUSTERED (gta, trailer, vi, gameplay, gta vi, gta trailer, look, auto)",-0.4215,negative,negative,True,negative,-0.4215
H-v79lqslwk,15 New GTA 6 Gameplay Features & Mechanics Players Definitely Didn't Notice,2026-09-06 19:00:34,27653,-1,"UNCLUSTERED (gta, trailer, vi, gameplay, gta vi, gta trailer, look, auto)",0.9696,positive,neutral,False,positive,0.9696
UtlbU7HoAeM,The GTA 6 delay was needed 🤷🏽‍♂️ #gaming #ps5 #gta6 #tech #donnywasthere,2026-09-07 01:04:51,7888,5,"delayed, gta delayed, gta, 2026, delay, delayed 2026, delayed november, november",-0.7096,negative,negative,True,negative,-0.7096
vkeGNzf1hSE,"GTA 6 Delayed to Nov 19, 2026 - 7 Details You Missed That Change Everything",2026-09-07 02:30:06,3,5,"delayed, gta delayed, gta, 2026, delay, delayed 2026, delayed november, november",-0.8747,negative,neutral,False,negative,-0.8747
