date,interest,keyword,geo
2023-01-01,0,GTA VI,IN
2023-01-08,1,GTA VI,IN
2023-01-15,0,GTA VI,IN
2023-01-22,0,GTA VI,IN
2023-01-29,0,GTA VI,IN
2023-02-05,0,GTA VI,IN
2023-02-12,0,GTA VI,IN
2023-02-19,1,GTA VI,IN
2023-02-26,1,GTA VI,IN
2023-03-05,0,GTA VI,IN
2023-03-12,1,GTA VI,IN
2023-03-19,1,GTA VI,IN
2023-03-26,1,GTA VI,IN
2023-04-02,0,GTA VI,IN
2023-04-09,1,GTA VI,IN
2023-04-16,1,GTA VI,IN
2023-04-23,1,GTA VI,IN
2023-04-30,1,GTA VI,IN
2023-05-07,2,GTA VI,IN
2023-05-14,1,GTA VI,IN
2023-05-21,1,GTA VI,IN
2023-05-28,1,GTA VI,IN
2023-06-04,1,GTA VI,IN
2023-06-11,1,GTA VI,IN
2023-06-18,1,GTA VI,IN
2023-06-25,1,GTA VI,IN
2023-07-02,1,GTA VI,IN
2023-07-09,0,GTA VI,IN
2023-07-16,1,GTA VI,IN
2023-07-23,0,GTA VI,IN
2023-07-30,0,GTA VI,IN
2023-08-06,1,GTA VI,IN
2023-08-13,1,GTA VI,IN
2023-08-20,1,GTA VI,IN
2023-08-27,1,GTA VI,IN
2023-09-03,1,GTA VI,IN
2023-09-10,0,GTA VI,IN
2023-09-17,1,GTA VI,IN
2023-09-24,1,GTA VI,IN
2023-10-01,8,GTA VI,IN
2023-10-08,3,GTA VI,IN
2023-10-15,1,GTA VI,IN
2023-10-22,1,GTA VI,IN
2023-10-29,1,GTA VI,IN
2023-11-05,14,GTA VI,IN
2023-11-12,2,GTA VI,IN
2023-11-19,2,GTA VI,IN
2023-11-26,3,GTA VI,IN
2023-12-03,22,GTA VI,IN
2023-12-10,6,GTA VI,IN
2023-12-17,4,GTA VI,IN
2023-12-24,3,GTA VI,IN
2023-12-31,2,GTA VI,IN
2024-01-07,2,GTA VI,IN
2024-01-14,2,GTA VI,IN
2024-01-21,1,GTA VI,IN
2024-01-28,1,GTA VI,IN
2024-02-04,1,GTA VI,IN
2024-02-11,2,GTA VI,IN
2024-02-18,1,GTA VI,IN
2024-02-25,2,GTA VI,IN
2024-03-03,1,GTA VI,IN
2024-03-10,2,GTA VI,IN
2024-03-17,1,GTA VI,IN
2024-03-24,1,GTA VI,IN
2024-03-31,2,GTA VI,IN
2024-04-07,1,GTA VI,IN
2024-04-14,1,GTA VI,IN
2024-04-21,1,GTA VI,IN
2024-04-28,1,GTA VI,IN
2024-05-05,1,GTA VI,IN
2024-05-12,2,GTA VI,IN
2024-05-19,2,GTA VI,IN
2024-05-26,1,GTA VI,IN
2024-06-02,9,GTA VI,IN
2024-06-09,2,GTA VI,IN
2024-06-16,2,GTA VI,IN
2024-06-23,1,GTA VI,IN
2024-06-30,1,GTA VI,IN
2024-07-07,1,GTA VI,IN
2024-07-14,2,GTA VI,IN
2024-07-21,2,GTA VI,IN
2024-07-28,2,GTA VI,IN
2024-08-04,2,GTA VI,IN
2024-08-11,2,GTA VI,IN
2024-08-18,2,GTA VI,IN
2024-08-25,2,GTA VI,IN
2024-09-01,2,GTA VI,IN
2024-09-08,2,GTA VI,IN
2024-09-15,2,GTA VI,IN
2024-09-22,1,GTA VI,IN
2024-09-29,1,GTA VI,IN
2024-10-06,2,GTA VI,IN
2024-10-13,2,GTA VI,IN
2024-10-20,2,GTA VI,IN
2024-10-27,2,GTA VI,IN
2024-11-03,2,GTA VI,IN
2024-11-10,2,GTA VI,IN
2024-11-17,2,GTA VI,IN
2024-11-24,2,GTA VI,IN
2024-12-01,2,GTA VI,IN
2024-12-08,3,GTA VI,IN
2024-12-15,1,GTA VI,IN
2024-12-22,2,GTA VI,IN
2024-12-29,3,GTA VI,IN
2025-01-05,3,GTA VI,IN
2025-01-12,3,GTA VI,IN
2025-01-19,2,GTA VI,IN
2025-01-26,3,GTA VI,IN
2025-02-02,3,GTA VI,IN
2025-02-09,2,GTA VI,IN
2025-02-16,3,GTA VI,IN
2025-02-23,3,GTA VI,IN
2025-03-02,3,GTA VI,IN
2025-03-09,3,GTA VI,IN
2025-03-16,3,GTA VI,IN
2025-03-23,3,GTA VI,IN
2025-03-30,3,GTA VI,IN
2025-04-06,3,GTA VI,IN
2025-04-13,3,GTA VI,IN
2025-04-20,2,GTA VI,IN
2025-04-27,6,GTA VI,IN
2025-05-04,20,GTA VI,IN
2025-05-11,8,GTA VI,IN
2025-05-18,4,GTA VI,IN
2025-05-25,8,GTA VI,IN
2025-06-01,6,GTA VI,IN
2025-06-08,4,GTA VI,IN
2025-06-15,4,GTA VI,IN
2025-06-22,4,GTA VI,IN
2025-06-29,5,GTA VI,IN
2025-07-06,3,GTA VI,IN
2025-07-13,3,GTA VI,IN
2025-07-20,3,GTA VI,IN
2025-07-27,3,GTA VI,IN
2025-08-03,8,GTA VI,IN
2025-08-10,4,GTA VI,IN
2025-08-17,2,GTA VI,IN
2025-08-24,2,GTA VI,IN
2025-08-31,2,GTA VI,IN
2025-09-07,2,GTA VI,IN
2025-09-14,2,GTA VI,IN
2025-09-21,3,GTA VI,IN
2025-09-28,2,GTA VI,IN
2025-10-05,3,GTA VI,IN
2025-10-12,2,GTA VI,IN
2025-10-19,4,GTA VI,IN
2025-10-26,6,GTA VI,IN
2025-11-02,7,GTA VI,IN
2025-11-09,6,GTA VI,IN
2025-11-16,4,GTA VI,IN
2025-11-23,4,GTA VI,IN
2025-11-30,4,GTA VI,IN
2025-12-07,4,GTA VI,IN
2025-12-14,4,GTA VI,IN
2025-12-21,4,GTA VI,IN
2025-12-28,5,GTA VI,IN
2026-01-04,5,GTA VI,IN
2026-01-11,5,GTA VI,IN
2026-01-18,5,GTA VI,IN
2026-01-25,4,GTA VI,IN
2026-02-01,6,GTA VI,IN
2026-02-08,5,GTA VI,IN
2026-02-15,5,GTA VI,IN
2026-02-22,6,GTA VI,IN
2026-03-01,8,GTA VI,IN
2026-03-08,7,GTA VI,IN
2026-03-15,16,GTA VI,IN
2026-03-22,14,GTA VI,IN
2026-03-29,10,GTA VI,IN
2026-04-05,8,GTA VI,IN
2026-04-12,6,GTA VI,IN
2026-04-19,10,GTA VI,IN
2026-04-26,38,GTA VI,IN
2026-05-03,18,GTA VI,IN
2026-05-10,18,GTA VI,IN
2026-05-17,10,GTA VI,IN
2026-05-24,11,GTA VI,IN
2026-05-31,8,GTA VI,IN
2026-06-07,8,GTA VI,IN
2026-06-14,31,GTA VI,IN
2026-06-21,100,GTA VI,IN
2026-06-28,56,GTA VI,IN
2026-07-05,22,GTA VI,IN
2026-07-12,28,GTA VI,IN
2026-07-19,9,GTA VI,IN
2026-07-26,12,GTA VI,IN
2026-08-02,13,GTA VI,IN
2026-08-09,12,GTA VI,IN
2026-08-16,15,GTA VI,IN
2026-08-23,40,GTA VI,IN
2026-08-30,32,GTA VI,IN
2026-09-06,19,GTA VI,IN
