date,views,article
2023-01-01,134,Grand_Theft_Auto_VI
2023-01-02,59,Grand_Theft_Auto_VI
2023-01-03,49,Grand_Theft_Auto_VI
2023-01-04,46,Grand_Theft_Auto_VI
2023-01-05,48,Grand_Theft_Auto_VI
2023-01-06,55,Grand_Theft_Auto_VI
2023-01-07,34,Grand_Theft_Auto_VI
2023-01-08,26,Grand_Theft_Auto_VI
2023-01-09,45,Grand_Theft_Auto_VI
2023-01-10,45,Grand_Theft_Auto_VI
2023-01-11,38,Grand_Theft_Auto_VI
2023-01-12,38,Grand_Theft_Auto_VI
2023-01-13,27,Grand_Theft_Auto_VI
2023-01-14,34,Grand_Theft_Auto_VI
2023-01-15,43,Grand_Theft_Auto_VI
2023-01-16,27,Grand_Theft_Auto_VI
2023-01-17,58,Grand_Theft_Auto_VI
2023-01-18,51,Grand_Theft_Auto_VI
2023-01-19,48,Grand_Theft_Auto_VI
2023-01-20,38,Grand_Theft_Auto_VI
2023-01-21,36,Grand_Theft_Auto_VI
2023-01-22,37,Grand_Theft_Auto_VI
2023-01-23,78,Grand_Theft_Auto_VI
2023-01-24,116,Grand_Theft_Auto_VI
2023-01-25,53,Grand_Theft_Auto_VI
2023-01-26,53,Grand_Theft_Auto_VI
2023-01-27,39,Grand_Theft_Auto_VI
2023-01-28,35,Grand_Theft_Auto_VI
2023-01-29,43,Grand_Theft_Auto_VI
2023-01-30,113,Grand_Theft_Auto_VI
2023-01-31,48,Grand_Theft_Auto_VI
2023-02-01,95,Grand_Theft_Auto_VI
2023-02-02,36,Grand_Theft_Auto_VI
2023-02-03,48,Grand_Theft_Auto_VI
2023-02-04,38,Grand_Theft_Auto_VI
2023-02-05,35,Grand_Theft_Auto_VI
2023-02-06,42,Grand_Theft_Auto_VI
2023-02-07,46,Grand_Theft_Auto_VI
2023-02-08,41,Grand_Theft_Auto_VI
2023-02-09,30,Grand_Theft_Auto_VI
2023-02-10,42,Grand_Theft_Auto_VI
2023-02-11,39,Grand_Theft_Auto_VI
2023-02-12,43,Grand_Theft_Auto_VI
2023-02-13,34,Grand_Theft_Auto_VI
2023-02-14,40,Grand_Theft_Auto_VI
2023-02-15,34,Grand_Theft_Auto_VI
2023-02-16,31,Grand_Theft_Auto_VI
2023-02-17,41,Grand_Theft_Auto_VI
2023-02-18,31,Grand_Theft_Auto_VI
2023-02-19,40,Grand_Theft_Auto_VI
2023-02-20,29,Grand_Theft_Auto_VI
2023-02-21,29,Grand_Theft_Auto_VI
2023-02-22,44,Grand_Theft_Auto_VI
2023-02-23,49,Grand_Theft_Auto_VI
2023-02-24,33,Grand_Theft_Auto_VI
2023-02-25,39,Grand_Theft_Auto_VI
2023-02-26,45,Grand_Theft_Auto_VI
2023-02-27,33,Grand_Theft_Auto_VI
2023-02-28,50,Grand_Theft_Auto_VI
2023-03-01,37,Grand_Theft_Auto_VI
2023-03-02,42,Grand_Theft_Auto_VI
2023-03-03,31,Grand_Theft_Auto_VI
2023-03-04,28,Grand_Theft_Auto_VI
2023-03-05,33,Grand_Theft_Auto_VI
2023-03-06,45,Grand_Theft_Auto_VI
2023-03-07,42,Grand_Theft_Auto_VI
2023-03-08,46,Grand_Theft_Auto_VI
2023-03-09,28,Grand_Theft_Auto_VI
2023-03-10,35,Grand_Theft_Auto_VI
2023-03-11,48,Grand_Theft_Auto_VI
2023-03-12,35,Grand_Theft_Auto_VI
2023-03-13,37,Grand_Theft_Auto_VI
2023-03-14,29,Grand_Theft_Auto_VI
2023-03-15,37,Grand_Theft_Auto_VI
2023-03-16,19,Grand_Theft_Auto_VI
2023-03-17,15,Grand_Theft_Auto_VI
2023-03-18,7,Grand_Theft_Auto_VI
2023-03-19,6,Grand_Theft_Auto_VI
2023-03-20,9,Grand_Theft_Auto_VI
2023-03-21,9,Grand_Theft_Auto_VI
2023-03-22,8,Grand_Theft_Auto_VI
2023-03-23,4,Grand_Theft_Auto_VI
2023-03-24,5,Grand_Theft_Auto_VI
2023-03-25,4,Grand_Theft_Auto_VI
2023-03-26,6,Grand_Theft_Auto_VI
2023-03-27,12,Grand_Theft_Auto_VI
2023-03-28,6,Grand_Theft_Auto_VI
2023-03-29,4,Grand_Theft_Auto_VI
2023-03-30,10,Grand_Theft_Auto_VI
2023-03-31,4,Grand_Theft_Auto_VI
2023-04-01,6,Grand_Theft_Auto_VI
2023-04-02,11,Grand_Theft_Auto_VI
2023-04-03,10,Grand_Theft_Auto_VI
2023-04-04,4,Grand_Theft_Auto_VI
2023-04-05,3,Grand_Theft_Auto_VI
2023-04-06,6,Grand_Theft_Auto_VI
2023-04-07,2,Grand_Theft_Auto_VI
2023-04-08,6,Grand_Theft_Auto_VI
2023-04-09,9,Grand_Theft_Auto_VI
2023-04-10,5,Grand_Theft_Auto_VI
2023-04-11,10,Grand_Theft_Auto_VI
2023-04-12,13,Grand_Theft_Auto_VI
2023-04-13,8,Grand_Theft_Auto_VI
2023-04-14,7,Grand_Theft_Auto_VI
2023-04-15,8,Grand_Theft_Auto_VI
2023-04-16,7,Grand_Theft_Auto_VI
2023-04-17,7,Grand_Theft_Auto_VI
2023-04-18,4,Grand_Theft_Auto_VI
2023-04-19,6,Grand_Theft_Auto_VI
2023-04-20,6,Grand_Theft_Auto_VI
2023-04-21,7,Grand_Theft_Auto_VI
2023-04-22,9,Grand_Theft_Auto_VI
2023-04-23,8,Grand_Theft_Auto_VI
2023-04-24,8,Grand_Theft_Auto_VI
2023-04-25,7,Grand_Theft_Auto_VI
2023-04-26,10,Grand_Theft_Auto_VI
2023-04-27,4,Grand_Theft_Auto_VI
2023-04-28,4,Grand_Theft_Auto_VI
2023-04-29,7,Grand_Theft_Auto_VI
2023-04-30,3,Grand_Theft_Auto_VI
2023-05-01,9,Grand_Theft_Auto_VI
2023-05-02,12,Grand_Theft_Auto_VI
2023-05-03,15,Grand_Theft_Auto_VI
2023-05-04,52,Grand_Theft_Auto_VI
2023-05-05,58,Grand_Theft_Auto_VI
2023-05-06,35,Grand_Theft_Auto_VI
2023-05-07,18,Grand_Theft_Auto_VI
2023-05-08,12,Grand_Theft_Auto_VI
2023-05-09,8,Grand_Theft_Auto_VI
2023-05-10,29,Grand_Theft_Auto_VI
2023-05-11,13,Grand_Theft_Auto_VI
2023-05-12,15,Grand_Theft_Auto_VI
2023-05-13,39,Grand_Theft_Auto_VI
2023-05-14,11,Grand_Theft_Auto_VI
2023-05-15,14,Grand_Theft_Auto_VI
2023-05-16,12,Grand_Theft_Auto_VI
2023-05-17,17,Grand_Theft_Auto_VI
2023-05-18,34,Grand_Theft_Auto_VI
2023-05-19,10,Grand_Theft_Auto_VI
2023-05-20,14,Grand_Theft_Auto_VI
2023-05-21,8,Grand_Theft_Auto_VI
2023-05-22,16,Grand_Theft_Auto_VI
2023-05-23,18,Grand_Theft_Auto_VI
2023-05-24,18,Grand_Theft_Auto_VI
2023-05-25,10,Grand_Theft_Auto_VI
2023-05-26,8,Grand_Theft_Auto_VI
2023-05-27,13,Grand_Theft_Auto_VI
2023-05-28,2,Grand_Theft_Auto_VI
2023-05-29,7,Grand_Theft_Auto_VI
2023-05-30,10,Grand_Theft_Auto_VI
2023-05-31,3,Grand_Theft_Auto_VI
2023-06-01,13,Grand_Theft_Auto_VI
2023-06-02,10,Grand_Theft_Auto_VI
2023-06-03,8,Grand_Theft_Auto_VI
2023-06-04,11,Grand_Theft_Auto_VI
2023-06-05,13,Grand_Theft_Auto_VI
2023-06-06,4,Grand_Theft_Auto_VI
2023-06-07,11,Grand_Theft_Auto_VI
2023-06-08,8,Grand_Theft_Auto_VI
2023-06-09,6,Grand_Theft_Auto_VI
2023-06-10,8,Grand_Theft_Auto_VI
2023-06-11,4,Grand_Theft_Auto_VI
2023-06-12,66,Grand_Theft_Auto_VI
2023-06-13,11,Grand_Theft_Auto_VI
2023-06-14,31,Grand_Theft_Auto_VI
2023-06-15,12,Grand_Theft_Auto_VI
2023-06-16,11,Grand_Theft_Auto_VI
2023-06-17,8,Grand_Theft_Auto_VI
2023-06-18,7,Grand_Theft_Auto_VI
2023-06-19,5,Grand_Theft_Auto_VI
2023-06-20,8,Grand_Theft_Auto_VI
2023-06-21,11,Grand_Theft_Auto_VI
2023-06-22,6,Grand_Theft_Auto_VI
2023-06-23,8,Grand_Theft_Auto_VI
2023-06-25,8,Grand_Theft_Auto_VI
2023-06-26,5,Grand_Theft_Auto_VI
2023-06-27,5,Grand_Theft_Auto_VI
2023-06-28,13,Grand_Theft_Auto_VI
2023-06-29,6,Grand_Theft_Auto_VI
2023-06-30,10,Grand_Theft_Auto_VI
2023-07-01,8,Grand_Theft_Auto_VI
2023-07-02,9,Grand_Theft_Auto_VI
2023-07-03,13,Grand_Theft_Auto_VI
2023-07-04,8,Grand_Theft_Auto_VI
2023-07-05,9,Grand_Theft_Auto_VI
2023-07-06,4,Grand_Theft_Auto_VI
2023-07-07,10,Grand_Theft_Auto_VI
2023-07-08,10,Grand_Theft_Auto_VI
2023-07-09,7,Grand_Theft_Auto_VI
2023-07-10,31,Grand_Theft_Auto_VI
2023-07-11,5,Grand_Theft_Auto_VI
2023-07-12,11,Grand_Theft_Auto_VI
2023-07-13,8,Grand_Theft_Auto_VI
2023-07-14,4,Grand_Theft_Auto_VI
2023-07-15,9,Grand_Theft_Auto_VI
2023-07-16,3,Grand_Theft_Auto_VI
2023-07-17,14,Grand_Theft_Auto_VI
2023-07-18,14,Grand_Theft_Auto_VI
2023-07-19,17,Grand_Theft_Auto_VI
2023-07-20,9,Grand_Theft_Auto_VI
2023-07-21,10,Grand_Theft_Auto_VI
2023-07-22,7,Grand_Theft_Auto_VI
2023-07-23,6,Grand_Theft_Auto_VI
2023-07-24,7,Grand_Theft_Auto_VI
2023-07-25,9,Grand_Theft_Auto_VI
2023-07-26,10,Grand_Theft_Auto_VI
2023-07-27,10,Grand_Theft_Auto_VI
2023-07-28,7,Grand_Theft_Auto_VI
2023-07-29,10,Grand_Theft_Auto_VI
2023-07-30,10,Grand_Theft_Auto_VI
2023-07-31,5,Grand_Theft_Auto_VI
2023-08-01,8,Grand_Theft_Auto_VI
2023-08-02,11,Grand_Theft_Auto_VI
2023-08-03,7,Grand_Theft_Auto_VI
2023-08-04,9,Grand_Theft_Auto_VI
2023-08-05,7,Grand_Theft_Auto_VI
2023-08-06,14,Grand_Theft_Auto_VI
2023-08-07,18,Grand_Theft_Auto_VI
2023-08-08,13,Grand_Theft_Auto_VI
2023-08-09,12,Grand_Theft_Auto_VI
2023-08-10,15,Grand_Theft_Auto_VI
2023-08-11,14,Grand_Theft_Auto_VI
2023-08-12,7,Grand_Theft_Auto_VI
2023-08-13,10,Grand_Theft_Auto_VI
2023-08-14,9,Grand_Theft_Auto_VI
2023-08-15,8,Grand_Theft_Auto_VI
2023-08-16,9,Grand_Theft_Auto_VI
2023-08-17,12,Grand_Theft_Auto_VI
2023-08-18,14,Grand_Theft_Auto_VI
2023-08-19,8,Grand_Theft_Auto_VI
2023-08-20,8,Grand_Theft_Auto_VI
2023-08-21,14,Grand_Theft_Auto_VI
2023-08-22,13,Grand_Theft_Auto_VI
2023-08-23,18,Grand_Theft_Auto_VI
2023-08-24,20,Grand_Theft_Auto_VI
2023-08-25,12,Grand_Theft_Auto_VI
2023-08-26,8,Grand_Theft_Auto_VI
2023-08-27,6,Grand_Theft_Auto_VI
2023-08-28,17,Grand_Theft_Auto_VI
2023-08-29,18,Grand_Theft_Auto_VI
2023-08-30,14,Grand_Theft_Auto_VI
2023-08-31,5,Grand_Theft_Auto_VI
2023-09-01,9,Grand_Theft_Auto_VI
2023-09-02,10,Grand_Theft_Auto_VI
2023-09-03,7,Grand_Theft_Auto_VI
2023-09-04,11,Grand_Theft_Auto_VI
2023-09-05,6,Grand_Theft_Auto_VI
2023-09-06,13,Grand_Theft_Auto_VI
2023-09-07,12,Grand_Theft_Auto_VI
2023-09-08,14,Grand_Theft_Auto_VI
2023-09-09,13,Grand_Theft_Auto_VI
2023-09-10,10,Grand_Theft_Auto_VI
2023-09-11,11,Grand_Theft_Auto_VI
2023-09-12,9,Grand_Theft_Auto_VI
2023-09-13,18,Grand_Theft_Auto_VI
2023-09-14,12,Grand_Theft_Auto_VI
2023-09-15,11,Grand_Theft_Auto_VI
2023-09-16,13,Grand_Theft_Auto_VI
2023-09-17,132,Grand_Theft_Auto_VI
2023-09-18,28,Grand_Theft_Auto_VI
2023-09-19,15,Grand_Theft_Auto_VI
2023-09-20,27,Grand_Theft_Auto_VI
2023-09-21,13,Grand_Theft_Auto_VI
2023-09-22,13,Grand_Theft_Auto_VI
2023-09-23,15,Grand_Theft_Auto_VI
2023-09-24,6,Grand_Theft_Auto_VI
2023-09-25,15,Grand_Theft_Auto_VI
2023-09-26,15,Grand_Theft_Auto_VI
2023-09-27,4,Grand_Theft_Auto_VI
2023-09-28,13,Grand_Theft_Auto_VI
2023-09-29,11,Grand_Theft_Auto_VI
2023-09-30,9,Grand_Theft_Auto_VI
2023-10-01,8,Grand_Theft_Auto_VI
2023-10-02,17,Grand_Theft_Auto_VI
2023-10-03,5,Grand_Theft_Auto_VI
2023-10-04,14,Grand_Theft_Auto_VI
2023-10-05,17,Grand_Theft_Auto_VI
2023-10-06,59,Grand_Theft_Auto_VI
2023-10-07,9,Grand_Theft_Auto_VI
2023-10-08,3,Grand_Theft_Auto_VI
2023-10-09,13,Grand_Theft_Auto_VI
2023-10-10,11,Grand_Theft_Auto_VI
2023-10-11,9,Grand_Theft_Auto_VI
2023-10-12,16,Grand_Theft_Auto_VI
2023-10-13,12,Grand_Theft_Auto_VI
2023-10-14,9,Grand_Theft_Auto_VI
2023-10-15,11,Grand_Theft_Auto_VI
2023-10-16,8,Grand_Theft_Auto_VI
2023-10-17,11,Grand_Theft_Auto_VI
2023-10-18,10,Grand_Theft_Auto_VI
2023-10-19,13,Grand_Theft_Auto_VI
2023-10-20,9,Grand_Theft_Auto_VI
2023-10-21,8,Grand_Theft_Auto_VI
2023-10-22,12,Grand_Theft_Auto_VI
2023-10-23,38,Grand_Theft_Auto_VI
2023-10-24,18,Grand_Theft_Auto_VI
2023-10-25,19,Grand_Theft_Auto_VI
2023-10-26,30,Grand_Theft_Auto_VI
2023-10-27,13,Grand_Theft_Auto_VI
2023-10-28,15,Grand_Theft_Auto_VI
2023-10-29,21,Grand_Theft_Auto_VI
2023-10-30,15,Grand_Theft_Auto_VI
2023-10-31,11,Grand_Theft_Auto_VI
2023-11-01,9,Grand_Theft_Auto_VI
2023-11-02,12,Grand_Theft_Auto_VI
2023-11-03,12,Grand_Theft_Auto_VI
2023-11-04,13,Grand_Theft_Auto_VI
2023-11-05,13,Grand_Theft_Auto_VI
2023-11-06,83,Grand_Theft_Auto_VI
2023-11-07,54,Grand_Theft_Auto_VI
2023-11-08,253,Grand_Theft_Auto_VI
2023-11-09,165,Grand_Theft_Auto_VI
2023-11-10,81,Grand_Theft_Auto_VI
2023-11-11,67,Grand_Theft_Auto_VI
2023-11-12,87,Grand_Theft_Auto_VI
2023-11-13,70,Grand_Theft_Auto_VI
2023-11-14,70,Grand_Theft_Auto_VI
2023-11-15,85,Grand_Theft_Auto_VI
2023-11-16,64,Grand_Theft_Auto_VI
2023-11-17,48,Grand_Theft_Auto_VI
2023-11-18,45,Grand_Theft_Auto_VI
2023-11-19,53,Grand_Theft_Auto_VI
2023-11-20,64,Grand_Theft_Auto_VI
2023-11-21,55,Grand_Theft_Auto_VI
2023-11-22,53,Grand_Theft_Auto_VI
2023-11-23,43,Grand_Theft_Auto_VI
2023-11-24,46,Grand_Theft_Auto_VI
2023-11-25,47,Grand_Theft_Auto_VI
2023-11-26,32,Grand_Theft_Auto_VI
2023-11-27,44,Grand_Theft_Auto_VI
2023-11-28,43,Grand_Theft_Auto_VI
2023-11-29,46,Grand_Theft_Auto_VI
2023-11-30,43,Grand_Theft_Auto_VI
2023-12-01,72,Grand_Theft_Auto_VI
2023-12-02,123,Grand_Theft_Auto_VI
2023-12-03,95,Grand_Theft_Auto_VI
2023-12-04,22086,Grand_Theft_Auto_VI
2023-12-05,366240,Grand_Theft_Auto_VI
2023-12-06,175798,Grand_Theft_Auto_VI
2023-12-07,94196,Grand_Theft_Auto_VI
2023-12-08,65325,Grand_Theft_Auto_VI
2023-12-09,49450,Grand_Theft_Auto_VI
2023-12-10,41996,Grand_Theft_Auto_VI
2023-12-11,34173,Grand_Theft_Auto_VI
2023-12-12,27524,Grand_Theft_Auto_VI
2023-12-13,23015,Grand_Theft_Auto_VI
2023-12-14,21001,Grand_Theft_Auto_VI
2023-12-15,18960,Grand_Theft_Auto_VI
2023-12-16,17840,Grand_Theft_Auto_VI
2023-12-17,17083,Grand_Theft_Auto_VI
2023-12-18,17726,Grand_Theft_Auto_VI
2023-12-19,14821,Grand_Theft_Auto_VI
2023-12-20,12832,Grand_Theft_Auto_VI
2023-12-21,14522,Grand_Theft_Auto_VI
2023-12-22,17523,Grand_Theft_Auto_VI
2023-12-23,14264,Grand_Theft_Auto_VI
2023-12-24,13301,Grand_Theft_Auto_VI
2023-12-25,13462,Grand_Theft_Auto_VI
2023-12-26,12920,Grand_Theft_Auto_VI
2023-12-27,11791,Grand_Theft_Auto_VI
2023-12-28,11520,Grand_Theft_Auto_VI
2023-12-29,11878,Grand_Theft_Auto_VI
2023-12-30,11607,Grand_Theft_Auto_VI
2023-12-31,11786,Grand_Theft_Auto_VI
2024-01-01,11920,Grand_Theft_Auto_VI
2024-01-02,12148,Grand_Theft_Auto_VI
2024-01-03,11702,Grand_Theft_Auto_VI
2024-01-04,11296,Grand_Theft_Auto_VI
2024-01-05,10504,Grand_Theft_Auto_VI
2024-01-06,10817,Grand_Theft_Auto_VI
2024-01-07,10942,Grand_Theft_Auto_VI
2024-01-08,10219,Grand_Theft_Auto_VI
2024-01-09,12582,Grand_Theft_Auto_VI
2024-01-10,12717,Grand_Theft_Auto_VI
2024-01-11,11629,Grand_Theft_Auto_VI
2024-01-12,10576,Grand_Theft_Auto_VI
2024-01-13,10497,Grand_Theft_Auto_VI
2024-01-14,10535,Grand_Theft_Auto_VI
2024-01-15,10263,Grand_Theft_Auto_VI
2024-01-16,9937,Grand_Theft_Auto_VI
2024-01-17,9835,Grand_Theft_Auto_VI
2024-01-18,11233,Grand_Theft_Auto_VI
2024-01-19,11418,Grand_Theft_Auto_VI
2024-01-20,11922,Grand_Theft_Auto_VI
2024-01-21,11891,Grand_Theft_Auto_VI
2024-01-22,10504,Grand_Theft_Auto_VI
2024-01-23,9774,Grand_Theft_Auto_VI
2024-01-24,10103,Grand_Theft_Auto_VI
2024-01-25,10470,Grand_Theft_Auto_VI
2024-01-26,10586,Grand_Theft_Auto_VI
2024-01-27,12404,Grand_Theft_Auto_VI
2024-01-28,12544,Grand_Theft_Auto_VI
2024-01-29,12552,Grand_Theft_Auto_VI
2024-01-30,11915,Grand_Theft_Auto_VI
2024-01-31,10949,Grand_Theft_Auto_VI
2024-02-01,9294,Grand_Theft_Auto_VI
2024-02-02,8755,Grand_Theft_Auto_VI
2024-02-03,9762,Grand_Theft_Auto_VI
2024-02-04,9713,Grand_Theft_Auto_VI
2024-02-05,8260,Grand_Theft_Auto_VI
2024-02-06,8635,Grand_Theft_Auto_VI
2024-02-07,8895,Grand_Theft_Auto_VI
2024-02-08,9325,Grand_Theft_Auto_VI
2024-02-09,8897,Grand_Theft_Auto_VI
2024-02-10,9317,Grand_Theft_Auto_VI
2024-02-11,8839,Grand_Theft_Auto_VI
2024-02-12,7913,Grand_Theft_Auto_VI
2024-02-13,7611,Grand_Theft_Auto_VI
2024-02-14,7773,Grand_Theft_Auto_VI
2024-02-15,7872,Grand_Theft_Auto_VI
2024-02-16,8205,Grand_Theft_Auto_VI
2024-02-17,8625,Grand_Theft_Auto_VI
2024-02-18,8685,Grand_Theft_Auto_VI
2024-02-19,8494,Grand_Theft_Auto_VI
2024-02-20,8877,Grand_Theft_Auto_VI
2024-02-21,9053,Grand_Theft_Auto_VI
2024-02-22,8542,Grand_Theft_Auto_VI
2024-02-23,7880,Grand_Theft_Auto_VI
2024-02-24,8568,Grand_Theft_Auto_VI
2024-02-25,8457,Grand_Theft_Auto_VI
2024-02-26,8195,Grand_Theft_Auto_VI
2024-02-27,8296,Grand_Theft_Auto_VI
2024-02-28,8634,Grand_Theft_Auto_VI
2024-02-29,10443,Grand_Theft_Auto_VI
2024-03-01,8610,Grand_Theft_Auto_VI
2024-03-02,8733,Grand_Theft_Auto_VI
2024-03-03,9773,Grand_Theft_Auto_VI
2024-03-04,8291,Grand_Theft_Auto_VI
2024-03-05,10311,Grand_Theft_Auto_VI
2024-03-06,8081,Grand_Theft_Auto_VI
2024-03-07,7483,Grand_Theft_Auto_VI
2024-03-08,7775,Grand_Theft_Auto_VI
2024-03-09,7843,Grand_Theft_Auto_VI
2024-03-10,8185,Grand_Theft_Auto_VI
2024-03-11,7522,Grand_Theft_Auto_VI
2024-03-12,7960,Grand_Theft_Auto_VI
2024-03-13,7337,Grand_Theft_Auto_VI
2024-03-14,7251,Grand_Theft_Auto_VI
2024-03-15,7646,Grand_Theft_Auto_VI
2024-03-16,7920,Grand_Theft_Auto_VI
2024-03-17,8162,Grand_Theft_Auto_VI
2024-03-18,8430,Grand_Theft_Auto_VI
2024-03-19,7828,Grand_Theft_Auto_VI
2024-03-20,7751,Grand_Theft_Auto_VI
2024-03-21,7708,Grand_Theft_Auto_VI
2024-03-22,7594,Grand_Theft_Auto_VI
2024-03-23,10173,Grand_Theft_Auto_VI
2024-03-24,8176,Grand_Theft_Auto_VI
2024-03-25,7661,Grand_Theft_Auto_VI
2024-03-26,7008,Grand_Theft_Auto_VI
2024-03-27,6737,Grand_Theft_Auto_VI
2024-03-28,7701,Grand_Theft_Auto_VI
2024-03-29,7023,Grand_Theft_Auto_VI
2024-03-30,7488,Grand_Theft_Auto_VI
2024-03-31,7620,Grand_Theft_Auto_VI
2024-04-01,8919,Grand_Theft_Auto_VI
2024-04-02,8659,Grand_Theft_Auto_VI
2024-04-03,7289,Grand_Theft_Auto_VI
2024-04-04,7757,Grand_Theft_Auto_VI
2024-04-05,6651,Grand_Theft_Auto_VI
2024-04-06,6274,Grand_Theft_Auto_VI
2024-04-07,6194,Grand_Theft_Auto_VI
2024-04-08,6904,Grand_Theft_Auto_VI
2024-04-09,6144,Grand_Theft_Auto_VI
2024-04-10,6543,Grand_Theft_Auto_VI
2024-04-11,6386,Grand_Theft_Auto_VI
2024-04-12,6075,Grand_Theft_Auto_VI
2024-04-13,5949,Grand_Theft_Auto_VI
2024-04-14,6431,Grand_Theft_Auto_VI
2024-04-15,6509,Grand_Theft_Auto_VI
2024-04-16,5984,Grand_Theft_Auto_VI
2024-04-17,6074,Grand_Theft_Auto_VI
2024-04-18,6025,Grand_Theft_Auto_VI
2024-04-19,6397,Grand_Theft_Auto_VI
2024-04-20,6513,Grand_Theft_Auto_VI
2024-04-21,6993,Grand_Theft_Auto_VI
2024-04-22,6117,Grand_Theft_Auto_VI
2024-04-23,5530,Grand_Theft_Auto_VI
2024-04-24,5712,Grand_Theft_Auto_VI
2024-04-25,6204,Grand_Theft_Auto_VI
2024-04-26,5939,Grand_Theft_Auto_VI
2024-04-27,6427,Grand_Theft_Auto_VI
2024-04-28,6831,Grand_Theft_Auto_VI
2024-04-29,7316,Grand_Theft_Auto_VI
2024-04-30,6634,Grand_Theft_Auto_VI
2024-05-01,6616,Grand_Theft_Auto_VI
2024-05-02,6477,Grand_Theft_Auto_VI
2024-05-03,5627,Grand_Theft_Auto_VI
2024-05-04,5751,Grand_Theft_Auto_VI
2024-05-05,6502,Grand_Theft_Auto_VI
2024-05-06,6529,Grand_Theft_Auto_VI
2024-05-07,5719,Grand_Theft_Auto_VI
2024-05-08,5991,Grand_Theft_Auto_VI
2024-05-09,6418,Grand_Theft_Auto_VI
2024-05-10,4483,Grand_Theft_Auto_VI
2024-05-11,4106,Grand_Theft_Auto_VI
2024-05-12,4568,Grand_Theft_Auto_VI
2024-05-13,5016,Grand_Theft_Auto_VI
2024-05-14,4829,Grand_Theft_Auto_VI
2024-05-15,4808,Grand_Theft_Auto_VI
2024-05-16,8857,Grand_Theft_Auto_VI
2024-05-17,12160,Grand_Theft_Auto_VI
2024-05-18,7546,Grand_Theft_Auto_VI
2024-05-19,5940,Grand_Theft_Auto_VI
2024-05-20,5582,Grand_Theft_Auto_VI
2024-05-21,5494,Grand_Theft_Auto_VI
2024-05-22,4818,Grand_Theft_Auto_VI
2024-05-23,4898,Grand_Theft_Auto_VI
2024-05-24,4668,Grand_Theft_Auto_VI
2024-05-25,4412,Grand_Theft_Auto_VI
2024-05-26,4910,Grand_Theft_Auto_VI
2024-05-27,5372,Grand_Theft_Auto_VI
2024-05-28,5278,Grand_Theft_Auto_VI
2024-05-29,5403,Grand_Theft_Auto_VI
2024-05-30,5366,Grand_Theft_Auto_VI
2024-05-31,5088,Grand_Theft_Auto_VI
2024-06-01,4995,Grand_Theft_Auto_VI
2024-06-02,5701,Grand_Theft_Auto_VI
2024-06-03,5821,Grand_Theft_Auto_VI
2024-06-04,4863,Grand_Theft_Auto_VI
2024-06-05,5044,Grand_Theft_Auto_VI
2024-06-06,4669,Grand_Theft_Auto_VI
2024-06-07,4900,Grand_Theft_Auto_VI
2024-06-08,4903,Grand_Theft_Auto_VI
2024-06-09,5315,Grand_Theft_Auto_VI
2024-06-10,5413,Grand_Theft_Auto_VI
2024-06-11,4818,Grand_Theft_Auto_VI
2024-06-12,4595,Grand_Theft_Auto_VI
2024-06-13,4699,Grand_Theft_Auto_VI
2024-06-14,4337,Grand_Theft_Auto_VI
2024-06-15,4125,Grand_Theft_Auto_VI
2024-06-16,4650,Grand_Theft_Auto_VI
2024-06-17,4677,Grand_Theft_Auto_VI
2024-06-18,4722,Grand_Theft_Auto_VI
2024-06-19,4724,Grand_Theft_Auto_VI
2024-06-20,4475,Grand_Theft_Auto_VI
2024-06-21,4479,Grand_Theft_Auto_VI
2024-06-22,4493,Grand_Theft_Auto_VI
2024-06-23,4718,Grand_Theft_Auto_VI
2024-06-24,4663,Grand_Theft_Auto_VI
2024-06-25,4255,Grand_Theft_Auto_VI
2024-06-26,4322,Grand_Theft_Auto_VI
2024-06-27,4423,Grand_Theft_Auto_VI
2024-06-28,4019,Grand_Theft_Auto_VI
2024-06-29,4092,Grand_Theft_Auto_VI
2024-06-30,4253,Grand_Theft_Auto_VI
2024-07-01,4548,Grand_Theft_Auto_VI
2024-07-02,4613,Grand_Theft_Auto_VI
2024-07-03,4547,Grand_Theft_Auto_VI
2024-07-04,4637,Grand_Theft_Auto_VI
2024-07-05,4630,Grand_Theft_Auto_VI
2024-07-06,4792,Grand_Theft_Auto_VI
2024-07-07,5116,Grand_Theft_Auto_VI
2024-07-08,5033,Grand_Theft_Auto_VI
2024-07-09,5091,Grand_Theft_Auto_VI
2024-07-10,5642,Grand_Theft_Auto_VI
2024-07-11,4880,Grand_Theft_Auto_VI
2024-07-12,4794,Grand_Theft_Auto_VI
2024-07-13,4830,Grand_Theft_Auto_VI
2024-07-14,4851,Grand_Theft_Auto_VI
2024-07-15,5123,Grand_Theft_Auto_VI
2024-07-16,5462,Grand_Theft_Auto_VI
2024-07-17,5059,Grand_Theft_Auto_VI
2024-07-18,4853,Grand_Theft_Auto_VI
2024-07-19,4677,Grand_Theft_Auto_VI
2024-07-20,4912,Grand_Theft_Auto_VI
2024-07-21,5397,Grand_Theft_Auto_VI
2024-07-22,5583,Grand_Theft_Auto_VI
2024-07-23,5219,Grand_Theft_Auto_VI
2024-07-24,5513,Grand_Theft_Auto_VI
2024-07-25,5797,Grand_Theft_Auto_VI
2024-07-26,5963,Grand_Theft_Auto_VI
2024-07-27,5696,Grand_Theft_Auto_VI
2024-07-28,5841,Grand_Theft_Auto_VI
2024-07-29,5527,Grand_Theft_Auto_VI
2024-07-30,5423,Grand_Theft_Auto_VI
2024-07-31,5162,Grand_Theft_Auto_VI
2024-08-01,5234,Grand_Theft_Auto_VI
2024-08-02,4994,Grand_Theft_Auto_VI
2024-08-03,4883,Grand_Theft_Auto_VI
2024-08-04,5427,Grand_Theft_Auto_VI
2024-08-05,5337,Grand_Theft_Auto_VI
2024-08-06,5140,Grand_Theft_Auto_VI
2024-08-07,5843,Grand_Theft_Auto_VI
2024-08-08,6106,Grand_Theft_Auto_VI
2024-08-09,5929,Grand_Theft_Auto_VI
2024-08-10,5333,Grand_Theft_Auto_VI
2024-08-11,5554,Grand_Theft_Auto_VI
2024-08-12,6582,Grand_Theft_Auto_VI
2024-08-13,6711,Grand_Theft_Auto_VI
2024-08-14,7186,Grand_Theft_Auto_VI
2024-08-15,6007,Grand_Theft_Auto_VI
2024-08-16,5943,Grand_Theft_Auto_VI
2024-08-17,5847,Grand_Theft_Auto_VI
2024-08-18,6614,Grand_Theft_Auto_VI
2024-08-19,8037,Grand_Theft_Auto_VI
2024-08-20,7495,Grand_Theft_Auto_VI
2024-08-21,7802,Grand_Theft_Auto_VI
2024-08-22,7148,Grand_Theft_Auto_VI
2024-08-23,5881,Grand_Theft_Auto_VI
2024-08-24,5677,Grand_Theft_Auto_VI
2024-08-25,6437,Grand_Theft_Auto_VI
2024-08-26,6158,Grand_Theft_Auto_VI
2024-08-27,5954,Grand_Theft_Auto_VI
2024-08-28,5917,Grand_Theft_Auto_VI
2024-08-29,5860,Grand_Theft_Auto_VI
2024-08-30,5811,Grand_Theft_Auto_VI
2024-08-31,7018,Grand_Theft_Auto_VI
2024-09-01,8068,Grand_Theft_Auto_VI
2024-09-02,7689,Grand_Theft_Auto_VI
2024-09-03,7027,Grand_Theft_Auto_VI
2024-09-04,6718,Grand_Theft_Auto_VI
2024-09-05,7523,Grand_Theft_Auto_VI
2024-09-06,8154,Grand_Theft_Auto_VI
2024-09-07,8148,Grand_Theft_Auto_VI
2024-09-08,10087,Grand_Theft_Auto_VI
2024-09-09,8744,Grand_Theft_Auto_VI
2024-09-10,8969,Grand_Theft_Auto_VI
2024-09-11,7821,Grand_Theft_Auto_VI
2024-09-12,7063,Grand_Theft_Auto_VI
2024-09-13,6781,Grand_Theft_Auto_VI
2024-09-14,6798,Grand_Theft_Auto_VI
2024-09-15,7113,Grand_Theft_Auto_VI
2024-09-16,7942,Grand_Theft_Auto_VI
2024-09-17,7991,Grand_Theft_Auto_VI
2024-09-18,6444,Grand_Theft_Auto_VI
2024-09-19,5939,Grand_Theft_Auto_VI
2024-09-20,5453,Grand_Theft_Auto_VI
2024-09-21,5383,Grand_Theft_Auto_VI
2024-09-22,6231,Grand_Theft_Auto_VI
2024-09-23,6459,Grand_Theft_Auto_VI
2024-09-24,6504,Grand_Theft_Auto_VI
2024-09-25,6894,Grand_Theft_Auto_VI
2024-09-26,6483,Grand_Theft_Auto_VI
2024-09-27,5958,Grand_Theft_Auto_VI
2024-09-28,5894,Grand_Theft_Auto_VI
2024-09-29,6806,Grand_Theft_Auto_VI
2024-09-30,6780,Grand_Theft_Auto_VI
2024-10-01,5668,Grand_Theft_Auto_VI
2024-10-02,5851,Grand_Theft_Auto_VI
2024-10-03,5799,Grand_Theft_Auto_VI
2024-10-04,7245,Grand_Theft_Auto_VI
2024-10-05,7052,Grand_Theft_Auto_VI
2024-10-06,7829,Grand_Theft_Auto_VI
2024-10-07,7332,Grand_Theft_Auto_VI
2024-10-08,6995,Grand_Theft_Auto_VI
2024-10-09,6618,Grand_Theft_Auto_VI
2024-10-10,6359,Grand_Theft_Auto_VI
2024-10-11,6506,Grand_Theft_Auto_VI
2024-10-12,6520,Grand_Theft_Auto_VI
2024-10-13,11012,Grand_Theft_Auto_VI
2024-10-14,8565,Grand_Theft_Auto_VI
2024-10-15,8201,Grand_Theft_Auto_VI
2024-10-16,8241,Grand_Theft_Auto_VI
2024-10-17,7958,Grand_Theft_Auto_VI
2024-10-18,7991,Grand_Theft_Auto_VI
2024-10-19,7430,Grand_Theft_Auto_VI
2024-10-20,9102,Grand_Theft_Auto_VI
2024-10-21,8201,Grand_Theft_Auto_VI
2024-10-22,8199,Grand_Theft_Auto_VI
2024-10-23,8984,Grand_Theft_Auto_VI
2024-10-24,7669,Grand_Theft_Auto_VI
2024-10-25,8869,Grand_Theft_Auto_VI
2024-10-26,9678,Grand_Theft_Auto_VI
2024-10-27,9603,Grand_Theft_Auto_VI
2024-10-28,10005,Grand_Theft_Auto_VI
2024-10-29,8685,Grand_Theft_Auto_VI
2024-10-30,8872,Grand_Theft_Auto_VI
2024-10-31,7917,Grand_Theft_Auto_VI
2024-11-01,7936,Grand_Theft_Auto_VI
2024-11-02,8865,Grand_Theft_Auto_VI
2024-11-03,8577,Grand_Theft_Auto_VI
2024-11-04,8954,Grand_Theft_Auto_VI
2024-11-05,8704,Grand_Theft_Auto_VI
2024-11-06,8479,Grand_Theft_Auto_VI
2024-11-07,9549,Grand_Theft_Auto_VI
2024-11-08,8170,Grand_Theft_Auto_VI
2024-11-09,8150,Grand_Theft_Auto_VI
2024-11-10,9024,Grand_Theft_Auto_VI
2024-11-11,8986,Grand_Theft_Auto_VI
2024-11-12,8617,Grand_Theft_Auto_VI
2024-11-13,9038,Grand_Theft_Auto_VI
2024-11-14,9033,Grand_Theft_Auto_VI
2024-11-15,8395,Grand_Theft_Auto_VI
2024-11-16,8523,Grand_Theft_Auto_VI
2024-11-17,9570,Grand_Theft_Auto_VI
2024-11-18,10139,Grand_Theft_Auto_VI
2024-11-19,10639,Grand_Theft_Auto_VI
2024-11-20,8577,Grand_Theft_Auto_VI
2024-11-21,8749,Grand_Theft_Auto_VI
2024-11-22,10989,Grand_Theft_Auto_VI
2024-11-23,10531,Grand_Theft_Auto_VI
2024-11-24,11429,Grand_Theft_Auto_VI
2024-11-25,11057,Grand_Theft_Auto_VI
2024-11-26,10625,Grand_Theft_Auto_VI
2024-11-27,9462,Grand_Theft_Auto_VI
2024-11-28,9750,Grand_Theft_Auto_VI
2024-11-29,9553,Grand_Theft_Auto_VI
2024-11-30,8989,Grand_Theft_Auto_VI
2024-12-01,11383,Grand_Theft_Auto_VI
2024-12-02,11496,Grand_Theft_Auto_VI
2024-12-03,13216,Grand_Theft_Auto_VI
2024-12-04,11881,Grand_Theft_Auto_VI
2024-12-05,11300,Grand_Theft_Auto_VI
2024-12-06,10340,Grand_Theft_Auto_VI
2024-12-07,9143,Grand_Theft_Auto_VI
2024-12-08,10059,Grand_Theft_Auto_VI
2024-12-09,11186,Grand_Theft_Auto_VI
2024-12-10,11108,Grand_Theft_Auto_VI
2024-12-11,10040,Grand_Theft_Auto_VI
2024-12-12,10298,Grand_Theft_Auto_VI
2024-12-13,20445,Grand_Theft_Auto_VI
2024-12-14,13213,Grand_Theft_Auto_VI
2024-12-15,13610,Grand_Theft_Auto_VI
2024-12-16,14422,Grand_Theft_Auto_VI
2024-12-17,12031,Grand_Theft_Auto_VI
2024-12-18,10085,Grand_Theft_Auto_VI
2024-12-19,9078,Grand_Theft_Auto_VI
2024-12-20,8761,Grand_Theft_Auto_VI
2024-12-21,9511,Grand_Theft_Auto_VI
2024-12-22,10858,Grand_Theft_Auto_VI
2024-12-23,10534,Grand_Theft_Auto_VI
2024-12-24,11501,Grand_Theft_Auto_VI
2024-12-25,12389,Grand_Theft_Auto_VI
2024-12-26,13789,Grand_Theft_Auto_VI
2024-12-27,16801,Grand_Theft_Auto_VI
2024-12-28,14952,Grand_Theft_Auto_VI
2024-12-29,16372,Grand_Theft_Auto_VI
2024-12-30,18694,Grand_Theft_Auto_VI
2024-12-31,17380,Grand_Theft_Auto_VI
2025-01-01,20102,Grand_Theft_Auto_VI
2025-01-02,22688,Grand_Theft_Auto_VI
2025-01-03,19410,Grand_Theft_Auto_VI
2025-01-04,17965,Grand_Theft_Auto_VI
2025-01-05,17912,Grand_Theft_Auto_VI
2025-01-06,16504,Grand_Theft_Auto_VI
2025-01-07,15844,Grand_Theft_Auto_VI
2025-01-08,14289,Grand_Theft_Auto_VI
2025-01-09,13181,Grand_Theft_Auto_VI
2025-01-10,12171,Grand_Theft_Auto_VI
2025-01-11,12622,Grand_Theft_Auto_VI
2025-01-12,13107,Grand_Theft_Auto_VI
2025-01-13,13686,Grand_Theft_Auto_VI
2025-01-14,11733,Grand_Theft_Auto_VI
2025-01-15,10965,Grand_Theft_Auto_VI
2025-01-16,12185,Grand_Theft_Auto_VI
2025-01-17,11625,Grand_Theft_Auto_VI
2025-01-18,11566,Grand_Theft_Auto_VI
2025-01-19,12848,Grand_Theft_Auto_VI
2025-01-20,14301,Grand_Theft_Auto_VI
2025-01-21,13595,Grand_Theft_Auto_VI
2025-01-22,12672,Grand_Theft_Auto_VI
2025-01-23,14173,Grand_Theft_Auto_VI
2025-01-24,11812,Grand_Theft_Auto_VI
2025-01-25,11467,Grand_Theft_Auto_VI
2025-01-26,12080,Grand_Theft_Auto_VI
2025-01-27,12113,Grand_Theft_Auto_VI
2025-01-28,11034,Grand_Theft_Auto_VI
2025-01-29,11541,Grand_Theft_Auto_VI
2025-01-30,11102,Grand_Theft_Auto_VI
2025-01-31,10365,Grand_Theft_Auto_VI
2025-02-01,10555,Grand_Theft_Auto_VI
2025-02-02,11049,Grand_Theft_Auto_VI
2025-02-03,10789,Grand_Theft_Auto_VI
2025-02-04,10481,Grand_Theft_Auto_VI
2025-02-05,10403,Grand_Theft_Auto_VI
2025-02-06,12490,Grand_Theft_Auto_VI
2025-02-07,14178,Grand_Theft_Auto_VI
2025-02-08,11001,Grand_Theft_Auto_VI
2025-02-09,10681,Grand_Theft_Auto_VI
2025-02-10,10182,Grand_Theft_Auto_VI
2025-02-11,10642,Grand_Theft_Auto_VI
2025-02-12,10967,Grand_Theft_Auto_VI
2025-02-13,10803,Grand_Theft_Auto_VI
2025-02-14,10335,Grand_Theft_Auto_VI
2025-02-15,9785,Grand_Theft_Auto_VI
2025-02-16,11160,Grand_Theft_Auto_VI
2025-02-17,11002,Grand_Theft_Auto_VI
2025-02-18,11714,Grand_Theft_Auto_VI
2025-02-19,11205,Grand_Theft_Auto_VI
2025-02-20,10845,Grand_Theft_Auto_VI
2025-02-21,10414,Grand_Theft_Auto_VI
2025-02-22,10344,Grand_Theft_Auto_VI
2025-02-23,12970,Grand_Theft_Auto_VI
2025-02-24,23049,Grand_Theft_Auto_VI
2025-02-25,13139,Grand_Theft_Auto_VI
2025-02-26,13701,Grand_Theft_Auto_VI
2025-02-27,12497,Grand_Theft_Auto_VI
2025-02-28,12101,Grand_Theft_Auto_VI
2025-03-01,13311,Grand_Theft_Auto_VI
2025-03-02,15545,Grand_Theft_Auto_VI
2025-03-03,13896,Grand_Theft_Auto_VI
2025-03-04,13884,Grand_Theft_Auto_VI
2025-03-05,14653,Grand_Theft_Auto_VI
2025-03-06,13426,Grand_Theft_Auto_VI
2025-03-07,14076,Grand_Theft_Auto_VI
2025-03-08,19352,Grand_Theft_Auto_VI
2025-03-09,16572,Grand_Theft_Auto_VI
2025-03-10,14301,Grand_Theft_Auto_VI
2025-03-11,12172,Grand_Theft_Auto_VI
2025-03-12,11691,Grand_Theft_Auto_VI
2025-03-13,12237,Grand_Theft_Auto_VI
2025-03-14,13072,Grand_Theft_Auto_VI
2025-03-15,13680,Grand_Theft_Auto_VI
2025-03-16,14862,Grand_Theft_Auto_VI
2025-03-17,21586,Grand_Theft_Auto_VI
2025-03-18,18442,Grand_Theft_Auto_VI
2025-03-19,16111,Grand_Theft_Auto_VI
2025-03-20,12304,Grand_Theft_Auto_VI
2025-03-21,11477,Grand_Theft_Auto_VI
2025-03-22,12473,Grand_Theft_Auto_VI
2025-03-23,13824,Grand_Theft_Auto_VI
2025-03-24,15325,Grand_Theft_Auto_VI
2025-03-25,15393,Grand_Theft_Auto_VI
2025-03-26,15608,Grand_Theft_Auto_VI
2025-03-27,12227,Grand_Theft_Auto_VI
2025-03-28,11348,Grand_Theft_Auto_VI
2025-03-29,13870,Grand_Theft_Auto_VI
2025-03-30,13340,Grand_Theft_Auto_VI
2025-03-31,13632,Grand_Theft_Auto_VI
2025-04-01,15786,Grand_Theft_Auto_VI
2025-04-02,18876,Grand_Theft_Auto_VI
2025-04-03,17922,Grand_Theft_Auto_VI
2025-04-04,17938,Grand_Theft_Auto_VI
2025-04-05,20597,Grand_Theft_Auto_VI
2025-04-06,19549,Grand_Theft_Auto_VI
2025-04-07,15971,Grand_Theft_Auto_VI
2025-04-08,14590,Grand_Theft_Auto_VI
2025-04-09,14894,Grand_Theft_Auto_VI
2025-04-10,15351,Grand_Theft_Auto_VI
2025-04-11,12616,Grand_Theft_Auto_VI
2025-04-12,12412,Grand_Theft_Auto_VI
2025-04-13,13127,Grand_Theft_Auto_VI
2025-04-14,13437,Grand_Theft_Auto_VI
2025-04-15,15479,Grand_Theft_Auto_VI
2025-04-16,14889,Grand_Theft_Auto_VI
2025-04-17,11930,Grand_Theft_Auto_VI
2025-04-18,14474,Grand_Theft_Auto_VI
2025-04-19,13768,Grand_Theft_Auto_VI
2025-04-20,14367,Grand_Theft_Auto_VI
2025-04-21,14132,Grand_Theft_Auto_VI
2025-04-22,15000,Grand_Theft_Auto_VI
2025-04-23,13463,Grand_Theft_Auto_VI
2025-04-24,15213,Grand_Theft_Auto_VI
2025-04-25,14624,Grand_Theft_Auto_VI
2025-04-26,13410,Grand_Theft_Auto_VI
2025-04-27,14652,Grand_Theft_Auto_VI
2025-04-28,13324,Grand_Theft_Auto_VI
2025-04-29,12867,Grand_Theft_Auto_VI
2025-04-30,11457,Grand_Theft_Auto_VI
2025-05-01,9737,Grand_Theft_Auto_VI
2025-05-02,87835,Grand_Theft_Auto_VI
2025-05-03,48356,Grand_Theft_Auto_VI
2025-05-04,24221,Grand_Theft_Auto_VI
2025-05-05,19705,Grand_Theft_Auto_VI
2025-05-06,107884,Grand_Theft_Auto_VI
2025-05-07,105482,Grand_Theft_Auto_VI
2025-05-08,68819,Grand_Theft_Auto_VI
2025-05-09,48766,Grand_Theft_Auto_VI
2025-05-10,39899,Grand_Theft_Auto_VI
2025-05-11,38617,Grand_Theft_Auto_VI
2025-05-12,34508,Grand_Theft_Auto_VI
2025-05-13,27648,Grand_Theft_Auto_VI
2025-05-14,24779,Grand_Theft_Auto_VI
2025-05-15,21089,Grand_Theft_Auto_VI
2025-05-16,19996,Grand_Theft_Auto_VI
2025-05-17,17361,Grand_Theft_Auto_VI
2025-05-18,16525,Grand_Theft_Auto_VI
2025-05-19,15172,Grand_Theft_Auto_VI
2025-05-20,11559,Grand_Theft_Auto_VI
2025-05-21,11215,Grand_Theft_Auto_VI
2025-05-22,10847,Grand_Theft_Auto_VI
2025-05-23,9610,Grand_Theft_Auto_VI
2025-05-24,9649,Grand_Theft_Auto_VI
2025-05-25,11934,Grand_Theft_Auto_VI
2025-05-26,12616,Grand_Theft_Auto_VI
2025-05-27,12347,Grand_Theft_Auto_VI
2025-05-28,9703,Grand_Theft_Auto_VI
2025-05-29,10495,Grand_Theft_Auto_VI
2025-05-30,10830,Grand_Theft_Auto_VI
2025-05-31,12153,Grand_Theft_Auto_VI
2025-06-01,11466,Grand_Theft_Auto_VI
2025-06-02,11436,Grand_Theft_Auto_VI
2025-06-03,11649,Grand_Theft_Auto_VI
2025-06-04,10795,Grand_Theft_Auto_VI
2025-06-05,9871,Grand_Theft_Auto_VI
2025-06-06,8717,Grand_Theft_Auto_VI
2025-06-07,10163,Grand_Theft_Auto_VI
2025-06-08,10078,Grand_Theft_Auto_VI
2025-06-09,10621,Grand_Theft_Auto_VI
2025-06-10,10711,Grand_Theft_Auto_VI
2025-06-11,10376,Grand_Theft_Auto_VI
2025-06-12,9168,Grand_Theft_Auto_VI
2025-06-13,8157,Grand_Theft_Auto_VI
2025-06-14,7863,Grand_Theft_Auto_VI
2025-06-15,7974,Grand_Theft_Auto_VI
2025-06-16,8238,Grand_Theft_Auto_VI
2025-06-17,8073,Grand_Theft_Auto_VI
2025-06-18,7518,Grand_Theft_Auto_VI
2025-06-19,7877,Grand_Theft_Auto_VI
2025-06-20,7208,Grand_Theft_Auto_VI
2025-06-21,9015,Grand_Theft_Auto_VI
2025-06-22,9636,Grand_Theft_Auto_VI
2025-06-23,7405,Grand_Theft_Auto_VI
2025-06-24,7042,Grand_Theft_Auto_VI
2025-06-25,7109,Grand_Theft_Auto_VI
2025-06-26,8196,Grand_Theft_Auto_VI
2025-06-27,9127,Grand_Theft_Auto_VI
2025-06-28,7998,Grand_Theft_Auto_VI
2025-06-29,7561,Grand_Theft_Auto_VI
2025-06-30,6622,Grand_Theft_Auto_VI
2025-07-01,5826,Grand_Theft_Auto_VI
2025-07-02,5894,Grand_Theft_Auto_VI
2025-07-03,5407,Grand_Theft_Auto_VI
2025-07-04,5935,Grand_Theft_Auto_VI
2025-07-05,5850,Grand_Theft_Auto_VI
2025-07-06,6207,Grand_Theft_Auto_VI
2025-07-07,5526,Grand_Theft_Auto_VI
2025-07-08,5477,Grand_Theft_Auto_VI
2025-07-09,5797,Grand_Theft_Auto_VI
2025-07-10,5765,Grand_Theft_Auto_VI
2025-07-11,5357,Grand_Theft_Auto_VI
2025-07-12,5434,Grand_Theft_Auto_VI
2025-07-13,5996,Grand_Theft_Auto_VI
2025-07-14,5480,Grand_Theft_Auto_VI
2025-07-15,5569,Grand_Theft_Auto_VI
2025-07-16,5670,Grand_Theft_Auto_VI
2025-07-17,7559,Grand_Theft_Auto_VI
2025-07-18,6033,Grand_Theft_Auto_VI
2025-07-19,5602,Grand_Theft_Auto_VI
2025-07-20,5878,Grand_Theft_Auto_VI
2025-07-21,6056,Grand_Theft_Auto_VI
2025-07-22,5620,Grand_Theft_Auto_VI
2025-07-23,5363,Grand_Theft_Auto_VI
2025-07-24,5820,Grand_Theft_Auto_VI
2025-07-25,5899,Grand_Theft_Auto_VI
2025-07-26,5918,Grand_Theft_Auto_VI
2025-07-27,6720,Grand_Theft_Auto_VI
2025-07-28,6582,Grand_Theft_Auto_VI
2025-07-29,6577,Grand_Theft_Auto_VI
2025-07-30,7522,Grand_Theft_Auto_VI
2025-07-31,8899,Grand_Theft_Auto_VI
2025-08-01,7529,Grand_Theft_Auto_VI
2025-08-02,7663,Grand_Theft_Auto_VI
2025-08-03,8075,Grand_Theft_Auto_VI
2025-08-04,7611,Grand_Theft_Auto_VI
2025-08-05,6820,Grand_Theft_Auto_VI
2025-08-06,6920,Grand_Theft_Auto_VI
2025-08-07,8177,Grand_Theft_Auto_VI
2025-08-08,9045,Grand_Theft_Auto_VI
2025-08-09,11693,Grand_Theft_Auto_VI
2025-08-10,8405,Grand_Theft_Auto_VI
2025-08-11,7763,Grand_Theft_Auto_VI
2025-08-12,7361,Grand_Theft_Auto_VI
2025-08-13,6857,Grand_Theft_Auto_VI
2025-08-14,6495,Grand_Theft_Auto_VI
2025-08-15,6131,Grand_Theft_Auto_VI
2025-08-16,6086,Grand_Theft_Auto_VI
2025-08-17,6499,Grand_Theft_Auto_VI
2025-08-18,6291,Grand_Theft_Auto_VI
2025-08-19,6923,Grand_Theft_Auto_VI
2025-08-20,6756,Grand_Theft_Auto_VI
2025-08-21,7146,Grand_Theft_Auto_VI
2025-08-22,7422,Grand_Theft_Auto_VI
2025-08-23,7061,Grand_Theft_Auto_VI
2025-08-24,7083,Grand_Theft_Auto_VI
2025-08-25,7122,Grand_Theft_Auto_VI
2025-08-26,6942,Grand_Theft_Auto_VI
2025-08-27,6837,Grand_Theft_Auto_VI
2025-08-28,6617,Grand_Theft_Auto_VI
2025-08-29,7650,Grand_Theft_Auto_VI
2025-08-30,6794,Grand_Theft_Auto_VI
2025-08-31,6664,Grand_Theft_Auto_VI
2025-09-01,8186,Grand_Theft_Auto_VI
2025-09-02,9243,Grand_Theft_Auto_VI
2025-09-03,8847,Grand_Theft_Auto_VI
2025-09-04,8340,Grand_Theft_Auto_VI
2025-09-05,7565,Grand_Theft_Auto_VI
2025-09-06,7108,Grand_Theft_Auto_VI
2025-09-07,7254,Grand_Theft_Auto_VI
2025-09-08,6915,Grand_Theft_Auto_VI
2025-09-09,7172,Grand_Theft_Auto_VI
2025-09-10,6928,Grand_Theft_Auto_VI
2025-09-11,6173,Grand_Theft_Auto_VI
2025-09-12,6703,Grand_Theft_Auto_VI
2025-09-13,6609,Grand_Theft_Auto_VI
2025-09-14,7564,Grand_Theft_Auto_VI
2025-09-15,7818,Grand_Theft_Auto_VI
2025-09-16,8186,Grand_Theft_Auto_VI
2025-09-17,7705,Grand_Theft_Auto_VI
2025-09-18,6756,Grand_Theft_Auto_VI
2025-09-19,6304,Grand_Theft_Auto_VI
2025-09-20,6833,Grand_Theft_Auto_VI
2025-09-21,7074,Grand_Theft_Auto_VI
2025-09-22,7126,Grand_Theft_Auto_VI
2025-09-23,6981,Grand_Theft_Auto_VI
2025-09-24,7081,Grand_Theft_Auto_VI
2025-09-25,7530,Grand_Theft_Auto_VI
2025-09-26,6968,Grand_Theft_Auto_VI
2025-09-27,6967,Grand_Theft_Auto_VI
2025-09-28,7426,Grand_Theft_Auto_VI
2025-09-29,7414,Grand_Theft_Auto_VI
2025-09-30,6866,Grand_Theft_Auto_VI
2025-10-01,6658,Grand_Theft_Auto_VI
2025-10-02,6779,Grand_Theft_Auto_VI
2025-10-03,6597,Grand_Theft_Auto_VI
2025-10-04,6856,Grand_Theft_Auto_VI
2025-10-05,7414,Grand_Theft_Auto_VI
2025-10-06,7250,Grand_Theft_Auto_VI
2025-10-07,7138,Grand_Theft_Auto_VI
2025-10-08,7032,Grand_Theft_Auto_VI
2025-10-09,7026,Grand_Theft_Auto_VI
2025-10-10,6664,Grand_Theft_Auto_VI
2025-10-11,6558,Grand_Theft_Auto_VI
2025-10-12,7421,Grand_Theft_Auto_VI
2025-10-13,7389,Grand_Theft_Auto_VI
2025-10-14,7207,Grand_Theft_Auto_VI
2025-10-15,7032,Grand_Theft_Auto_VI
2025-10-16,8769,Grand_Theft_Auto_VI
2025-10-17,11130,Grand_Theft_Auto_VI
2025-10-18,10154,Grand_Theft_Auto_VI
2025-10-19,10301,Grand_Theft_Auto_VI
2025-10-20,11081,Grand_Theft_Auto_VI
2025-10-21,8480,Grand_Theft_Auto_VI
2025-10-22,10038,Grand_Theft_Auto_VI
2025-10-23,8581,Grand_Theft_Auto_VI
2025-10-24,8279,Grand_Theft_Auto_VI
2025-10-25,12602,Grand_Theft_Auto_VI
2025-10-26,11588,Grand_Theft_Auto_VI
2025-10-27,9139,Grand_Theft_Auto_VI
2025-10-28,7997,Grand_Theft_Auto_VI
2025-10-29,8171,Grand_Theft_Auto_VI
2025-10-30,8539,Grand_Theft_Auto_VI
2025-10-31,8124,Grand_Theft_Auto_VI
2025-11-01,9234,Grand_Theft_Auto_VI
2025-11-02,10683,Grand_Theft_Auto_VI
2025-11-03,10697,Grand_Theft_Auto_VI
2025-11-04,9554,Grand_Theft_Auto_VI
2025-11-05,8869,Grand_Theft_Auto_VI
2025-11-06,48537,Grand_Theft_Auto_VI
2025-11-07,89271,Grand_Theft_Auto_VI
2025-11-08,28120,Grand_Theft_Auto_VI
2025-11-09,17760,Grand_Theft_Auto_VI
2025-11-10,16663,Grand_Theft_Auto_VI
2025-11-11,17195,Grand_Theft_Auto_VI
2025-11-12,13527,Grand_Theft_Auto_VI
2025-11-13,10736,Grand_Theft_Auto_VI
2025-11-14,9433,Grand_Theft_Auto_VI
2025-11-15,8681,Grand_Theft_Auto_VI
2025-11-16,8704,Grand_Theft_Auto_VI
2025-11-17,9191,Grand_Theft_Auto_VI
2025-11-18,9200,Grand_Theft_Auto_VI
2025-11-19,9034,Grand_Theft_Auto_VI
2025-11-20,8577,Grand_Theft_Auto_VI
2025-11-21,7942,Grand_Theft_Auto_VI
2025-11-22,7377,Grand_Theft_Auto_VI
2025-11-23,7909,Grand_Theft_Auto_VI
2025-11-24,7708,Grand_Theft_Auto_VI
2025-11-25,7783,Grand_Theft_Auto_VI
2025-11-26,7707,Grand_Theft_Auto_VI
2025-11-27,7358,Grand_Theft_Auto_VI
2025-11-28,7328,Grand_Theft_Auto_VI
2025-11-29,7193,Grand_Theft_Auto_VI
2025-11-30,8113,Grand_Theft_Auto_VI
2025-12-01,10055,Grand_Theft_Auto_VI
2025-12-02,8229,Grand_Theft_Auto_VI
2025-12-03,6976,Grand_Theft_Auto_VI
2025-12-04,6821,Grand_Theft_Auto_VI
2025-12-05,6495,Grand_Theft_Auto_VI
2025-12-06,6966,Grand_Theft_Auto_VI
2025-12-07,7439,Grand_Theft_Auto_VI
2025-12-08,7221,Grand_Theft_Auto_VI
2025-12-09,7029,Grand_Theft_Auto_VI
2025-12-10,7192,Grand_Theft_Auto_VI
2025-12-11,7220,Grand_Theft_Auto_VI
2025-12-12,11932,Grand_Theft_Auto_VI
2025-12-13,8470,Grand_Theft_Auto_VI
2025-12-14,8170,Grand_Theft_Auto_VI
2025-12-15,7681,Grand_Theft_Auto_VI
2025-12-16,6867,Grand_Theft_Auto_VI
2025-12-17,6657,Grand_Theft_Auto_VI
2025-12-18,6333,Grand_Theft_Auto_VI
2025-12-19,6065,Grand_Theft_Auto_VI
2025-12-20,6464,Grand_Theft_Auto_VI
2025-12-21,6637,Grand_Theft_Auto_VI
2025-12-22,6746,Grand_Theft_Auto_VI
2025-12-23,7215,Grand_Theft_Auto_VI
2025-12-24,7223,Grand_Theft_Auto_VI
2025-12-25,7820,Grand_Theft_Auto_VI
2025-12-26,8551,Grand_Theft_Auto_VI
2025-12-27,9010,Grand_Theft_Auto_VI
2025-12-28,10566,Grand_Theft_Auto_VI
2025-12-29,11613,Grand_Theft_Auto_VI
2025-12-30,14173,Grand_Theft_Auto_VI
2025-12-31,12131,Grand_Theft_Auto_VI
2026-01-01,13724,Grand_Theft_Auto_VI
2026-01-02,13674,Grand_Theft_Auto_VI
2026-01-03,11771,Grand_Theft_Auto_VI
2026-01-04,10552,Grand_Theft_Auto_VI
2026-01-05,11087,Grand_Theft_Auto_VI
2026-01-06,10170,Grand_Theft_Auto_VI
2026-01-07,9836,Grand_Theft_Auto_VI
2026-01-08,11839,Grand_Theft_Auto_VI
2026-01-09,11402,Grand_Theft_Auto_VI
2026-01-10,10143,Grand_Theft_Auto_VI
2026-01-11,9718,Grand_Theft_Auto_VI
2026-01-12,9050,Grand_Theft_Auto_VI
2026-01-13,9040,Grand_Theft_Auto_VI
2026-01-14,8772,Grand_Theft_Auto_VI
2026-01-15,8194,Grand_Theft_Auto_VI
2026-01-16,7777,Grand_Theft_Auto_VI
2026-01-17,7615,Grand_Theft_Auto_VI
2026-01-18,10502,Grand_Theft_Auto_VI
2026-01-19,12206,Grand_Theft_Auto_VI
2026-01-20,11727,Grand_Theft_Auto_VI
2026-01-21,8976,Grand_Theft_Auto_VI
2026-01-22,9238,Grand_Theft_Auto_VI
2026-01-23,8791,Grand_Theft_Auto_VI
2026-01-24,8863,Grand_Theft_Auto_VI
2026-01-25,9587,Grand_Theft_Auto_VI
2026-01-26,10358,Grand_Theft_Auto_VI
2026-01-27,10116,Grand_Theft_Auto_VI
2026-01-28,9340,Grand_Theft_Auto_VI
2026-01-29,8493,Grand_Theft_Auto_VI
2026-01-30,8803,Grand_Theft_Auto_VI
2026-01-31,8625,Grand_Theft_Auto_VI
2026-02-01,9324,Grand_Theft_Auto_VI
2026-02-02,9660,Grand_Theft_Auto_VI
2026-02-03,9718,Grand_Theft_Auto_VI
2026-02-04,12435,Grand_Theft_Auto_VI
2026-02-05,13472,Grand_Theft_Auto_VI
2026-02-06,10984,Grand_Theft_Auto_VI
2026-02-07,9256,Grand_Theft_Auto_VI
2026-02-08,9840,Grand_Theft_Auto_VI
2026-02-09,9337,Grand_Theft_Auto_VI
2026-02-10,8626,Grand_Theft_Auto_VI
2026-02-11,8807,Grand_Theft_Auto_VI
2026-02-12,9902,Grand_Theft_Auto_VI
2026-02-13,8939,Grand_Theft_Auto_VI
2026-02-14,8651,Grand_Theft_Auto_VI
2026-02-15,10129,Grand_Theft_Auto_VI
2026-02-16,10000,Grand_Theft_Auto_VI
2026-02-17,9603,Grand_Theft_Auto_VI
2026-02-18,8597,Grand_Theft_Auto_VI
2026-02-19,8755,Grand_Theft_Auto_VI
2026-02-20,8593,Grand_Theft_Auto_VI
2026-02-21,9133,Grand_Theft_Auto_VI
2026-02-22,9432,Grand_Theft_Auto_VI
2026-02-23,10231,Grand_Theft_Auto_VI
2026-02-24,9770,Grand_Theft_Auto_VI
2026-02-25,9091,Grand_Theft_Auto_VI
2026-02-26,10292,Grand_Theft_Auto_VI
2026-02-27,8961,Grand_Theft_Auto_VI
2026-02-28,8121,Grand_Theft_Auto_VI
2026-03-01,9018,Grand_Theft_Auto_VI
2026-03-02,9209,Grand_Theft_Auto_VI
2026-03-03,8863,Grand_Theft_Auto_VI
2026-03-04,8612,Grand_Theft_Auto_VI
2026-03-05,8598,Grand_Theft_Auto_VI
2026-03-06,10278,Grand_Theft_Auto_VI
2026-03-07,8594,Grand_Theft_Auto_VI
2026-03-08,8864,Grand_Theft_Auto_VI
2026-03-09,9588,Grand_Theft_Auto_VI
2026-03-10,9289,Grand_Theft_Auto_VI
2026-03-11,8341,Grand_Theft_Auto_VI
2026-03-12,8247,Grand_Theft_Auto_VI
2026-03-13,8289,Grand_Theft_Auto_VI
2026-03-14,8861,Grand_Theft_Auto_VI
2026-03-15,9414,Grand_Theft_Auto_VI
2026-03-16,9093,Grand_Theft_Auto_VI
2026-03-17,9621,Grand_Theft_Auto_VI
2026-03-18,10254,Grand_Theft_Auto_VI
2026-03-19,9925,Grand_Theft_Auto_VI
2026-03-20,9652,Grand_Theft_Auto_VI
2026-03-21,9217,Grand_Theft_Auto_VI
2026-03-22,11133,Grand_Theft_Auto_VI
2026-03-23,11427,Grand_Theft_Auto_VI
2026-03-24,11500,Grand_Theft_Auto_VI
2026-03-25,11518,Grand_Theft_Auto_VI
2026-03-26,10829,Grand_Theft_Auto_VI
2026-03-27,10270,Grand_Theft_Auto_VI
2026-03-28,9834,Grand_Theft_Auto_VI
2026-03-29,9693,Grand_Theft_Auto_VI
2026-03-30,10825,Grand_Theft_Auto_VI
2026-03-31,10009,Grand_Theft_Auto_VI
2026-04-01,10501,Grand_Theft_Auto_VI
2026-04-02,12581,Grand_Theft_Auto_VI
2026-04-03,11093,Grand_Theft_Auto_VI
2026-04-04,10132,Grand_Theft_Auto_VI
2026-04-05,10247,Grand_Theft_Auto_VI
2026-04-06,10552,Grand_Theft_Auto_VI
2026-04-07,10529,Grand_Theft_Auto_VI
2026-04-08,9949,Grand_Theft_Auto_VI
2026-04-09,11122,Grand_Theft_Auto_VI
2026-04-10,10958,Grand_Theft_Auto_VI
2026-04-11,10837,Grand_Theft_Auto_VI
2026-04-12,10887,Grand_Theft_Auto_VI
2026-04-13,11468,Grand_Theft_Auto_VI
2026-04-14,11416,Grand_Theft_Auto_VI
2026-04-15,9561,Grand_Theft_Auto_VI
2026-04-16,9310,Grand_Theft_Auto_VI
2026-04-17,8365,Grand_Theft_Auto_VI
2026-04-18,7569,Grand_Theft_Auto_VI
2026-04-19,8483,Grand_Theft_Auto_VI
2026-04-20,8562,Grand_Theft_Auto_VI
2026-04-21,8468,Grand_Theft_Auto_VI
2026-04-22,7644,Grand_Theft_Auto_VI
2026-04-23,7959,Grand_Theft_Auto_VI
2026-04-24,8459,Grand_Theft_Auto_VI
2026-04-25,7978,Grand_Theft_Auto_VI
2026-04-26,8316,Grand_Theft_Auto_VI
2026-04-27,9567,Grand_Theft_Auto_VI
2026-04-28,9638,Grand_Theft_Auto_VI
2026-04-29,16448,Grand_Theft_Auto_VI
2026-04-30,11388,Grand_Theft_Auto_VI
2026-05-01,9174,Grand_Theft_Auto_VI
2026-05-02,10934,Grand_Theft_Auto_VI
2026-05-03,11604,Grand_Theft_Auto_VI
2026-05-04,11677,Grand_Theft_Auto_VI
2026-05-05,12595,Grand_Theft_Auto_VI
2026-05-06,11721,Grand_Theft_Auto_VI
2026-05-07,10523,Grand_Theft_Auto_VI
2026-05-08,9945,Grand_Theft_Auto_VI
2026-05-09,11672,Grand_Theft_Auto_VI
2026-05-10,10871,Grand_Theft_Auto_VI
2026-05-11,11976,Grand_Theft_Auto_VI
2026-05-12,14152,Grand_Theft_Auto_VI
2026-05-13,11363,Grand_Theft_Auto_VI
2026-05-14,14682,Grand_Theft_Auto_VI
2026-05-15,13962,Grand_Theft_Auto_VI
2026-05-16,11293,Grand_Theft_Auto_VI
2026-05-17,12335,Grand_Theft_Auto_VI
2026-05-18,20277,Grand_Theft_Auto_VI
2026-05-19,17329,Grand_Theft_Auto_VI
2026-05-20,13769,Grand_Theft_Auto_VI
2026-05-21,14202,Grand_Theft_Auto_VI
2026-05-22,13771,Grand_Theft_Auto_VI
2026-05-23,11188,Grand_Theft_Auto_VI
2026-05-24,10165,Grand_Theft_Auto_VI
2026-05-25,11977,Grand_Theft_Auto_VI
2026-05-26,23147,Grand_Theft_Auto_VI
2026-05-27,14489,Grand_Theft_Auto_VI
2026-05-28,11336,Grand_Theft_Auto_VI
2026-05-29,10931,Grand_Theft_Auto_VI
2026-05-30,9779,Grand_Theft_Auto_VI
2026-05-31,9400,Grand_Theft_Auto_VI
2026-06-01,9021,Grand_Theft_Auto_VI
2026-06-02,10132,Grand_Theft_Auto_VI
2026-06-03,11885,Grand_Theft_Auto_VI
2026-06-04,10592,Grand_Theft_Auto_VI
2026-06-05,9479,Grand_Theft_Auto_VI
2026-06-06,9173,Grand_Theft_Auto_VI
2026-06-07,10965,Grand_Theft_Auto_VI
2026-06-08,11190,Grand_Theft_Auto_VI
2026-06-09,10449,Grand_Theft_Auto_VI
2026-06-10,9572,Grand_Theft_Auto_VI
2026-06-11,8535,Grand_Theft_Auto_VI
2026-06-12,8208,Grand_Theft_Auto_VI
2026-06-13,7830,Grand_Theft_Auto_VI
2026-06-14,7600,Grand_Theft_Auto_VI
2026-06-15,7383,Grand_Theft_Auto_VI
2026-06-16,7457,Grand_Theft_Auto_VI
2026-06-17,8477,Grand_Theft_Auto_VI
2026-06-18,45746,Grand_Theft_Auto_VI
2026-06-19,40384,Grand_Theft_Auto_VI
2026-06-20,27742,Grand_Theft_Auto_VI
2026-06-21,23790,Grand_Theft_Auto_VI
2026-06-22,23665,Grand_Theft_Auto_VI
2026-06-23,20351,Grand_Theft_Auto_VI
2026-06-24,52352,Grand_Theft_Auto_VI
2026-06-25,77338,Grand_Theft_Auto_VI
2026-06-26,51933,Grand_Theft_Auto_VI
2026-06-27,40272,Grand_Theft_Auto_VI
2026-06-28,33136,Grand_Theft_Auto_VI
2026-06-29,30147,Grand_Theft_Auto_VI
2026-06-30,24150,Grand_Theft_Auto_VI
2026-07-01,20685,Grand_Theft_Auto_VI
2026-07-02,19457,Grand_Theft_Auto_VI
2026-07-03,16346,Grand_Theft_Auto_VI
2026-07-04,14370,Grand_Theft_Auto_VI
2026-07-05,13700,Grand_Theft_Auto_VI
2026-07-06,12388,Grand_Theft_Auto_VI
2026-07-07,10533,Grand_Theft_Auto_VI
2026-07-08,10087,Grand_Theft_Auto_VI
2026-07-09,9494,Grand_Theft_Auto_VI
2026-07-10,9249,Grand_Theft_Auto_VI
2026-07-11,8864,Grand_Theft_Auto_VI
2026-07-12,8676,Grand_Theft_Auto_VI
2026-07-13,8743,Grand_Theft_Auto_VI
2026-07-14,8629,Grand_Theft_Auto_VI
2026-07-15,8159,Grand_Theft_Auto_VI
2026-07-16,8817,Grand_Theft_Auto_VI
2026-07-17,8583,Grand_Theft_Auto_VI
2026-07-18,7997,Grand_Theft_Auto_VI
2026-07-19,7431,Grand_Theft_Auto_VI
2026-07-20,7381,Grand_Theft_Auto_VI
2026-07-21,7451,Grand_Theft_Auto_VI
2026-07-22,7308,Grand_Theft_Auto_VI
2026-07-23,7338,Grand_Theft_Auto_VI
2026-07-24,7273,Grand_Theft_Auto_VI
2026-07-25,7008,Grand_Theft_Auto_VI
2026-07-26,7821,Grand_Theft_Auto_VI
2026-07-27,8712,Grand_Theft_Auto_VI
2026-07-28,8060,Grand_Theft_Auto_VI
2026-07-29,7284,Grand_Theft_Auto_VI
2026-07-30,6938,Grand_Theft_Auto_VI
2026-07-31,6588,Grand_Theft_Auto_VI
2026-08-01,6567,Grand_Theft_Auto_VI
2026-08-02,7048,Grand_Theft_Auto_VI
2026-08-03,7357,Grand_Theft_Auto_VI
2026-08-04,7214,Grand_Theft_Auto_VI
2026-08-05,7554,Grand_Theft_Auto_VI
2026-08-06,12494,Grand_Theft_Auto_VI
2026-08-07,13161,Grand_Theft_Auto_VI
2026-08-08,9411,Grand_Theft_Auto_VI
2026-08-09,9593,Grand_Theft_Auto_VI
2026-08-10,9985,Grand_Theft_Auto_VI
2026-08-11,8925,Grand_Theft_Auto_VI
2026-08-12,8444,Grand_Theft_Auto_VI
2026-08-13,8388,Grand_Theft_Auto_VI
2026-08-14,9269,Grand_Theft_Auto_VI
2026-08-15,8114,Grand_Theft_Auto_VI
2026-08-16,9123,Grand_Theft_Auto_VI
2026-08-17,9583,Grand_Theft_Auto_VI
2026-08-18,11556,Grand_Theft_Auto_VI
2026-08-19,21273,Grand_Theft_Auto_VI
2026-08-20,23999,Grand_Theft_Auto_VI
2026-08-21,23851,Grand_Theft_Auto_VI
2026-08-22,21829,Grand_Theft_Auto_VI
2026-08-23,24457,Grand_Theft_Auto_VI
2026-08-24,22947,Grand_Theft_Auto_VI
2026-08-25,21357,Grand_Theft_Auto_VI
2026-08-26,27690,Grand_Theft_Auto_VI
2026-08-27,52038,Grand_Theft_Auto_VI
2026-08-28,103801,Grand_Theft_Auto_VI
2026-08-29,58223,Grand_Theft_Auto_VI
2026-08-30,46737,Grand_Theft_Auto_VI
2026-08-31,40405,Grand_Theft_Auto_VI
2026-09-01,30050,Grand_Theft_Auto_VI
2026-09-02,26279,Grand_Theft_Auto_VI
2026-09-03,22987,Grand_Theft_Auto_VI
2026-09-04,20433,Grand_Theft_Auto_VI
2026-09-05,18049,Grand_Theft_Auto_VI
2026-09-06,17988,Grand_Theft_Auto_VI
